lands,mana_rocks,land_ramp,immediate_draw,per_turn_draw,on_cast_draw,curve,actual_curve,total_mana_spent,ramp_mana_spent,draw_mana_spent,nonramp_nondraw_mana_spent,high_cmc_mana_spent,cmc_0,cmc_1,cmc_2,cmc_3,cmc_4,cmc_5,cmc_6,cmc_7,cmc_8plus
41,3,18,14,1,1,3.0,2.983050847457627,108.215,33.5,31.247,43.468,4.092,0,4,17,21,11,5,1,0,0
39,0,18,12,3,1,3.0,2.9508196721311477,106.777,29.278,27.479,50.02,4.122,0,4,15,27,11,3,1,0,0
40,3,18,12,3,1,3.5,2.966666666666667,106.688,32.116,27.735,46.837,4.038,0,4,16,23,13,3,1,0,0
36,0,18,14,2,1,2.5,2.90625,105.38,28.451,30.872,46.057,8.352,0,6,21,19,11,5,2,0,0
37,2,16,14,3,1,3.5,3.0634920634920637,104.574,21.763,31.813,50.998,8.04,0,5,16,22,12,6,2,0,0
39,0,16,14,2,1,3.0,2.9836065573770494,101.792,22.369,30.99,48.433,3.822,0,4,16,25,10,5,1,0,0
35,2,16,14,3,1,3.0,2.9384615384615387,101.694,21.983,31.825,47.886,3.996,0,5,17,27,10,5,1,0,0
35,1,18,12,3,1,3.0,2.923076923076923,101.032,26.688,25.008,49.336,3.834,0,5,16,28,12,3,1,0,0
36,2,18,12,3,1,3.5,3.03125,100.918,26.4,24.325,50.193,7.278,0,5,16,23,14,4,2,0,0
35,0,18,12,3,1,3.5,3.0923076923076924,99.466,23.338,23.35,52.778,7.188,0,4,15,25,15,4,2,0,0
36,1,18,14,3,0,2.5,2.8125,98.874,28.69,28.518,41.666,3.612,0,6,23,19,10,5,1,0,0
39,2,18,14,0,1,3.0,2.9836065573770494,98.672,28.291,26.649,43.732,3.702,0,5,15,24,11,5,1,0,0
42,2,16,14,1,1,3.0,2.9655172413793105,98.585,25.414,29.082,44.089,3.924,0,4,16,23,9,5,1,0,0
42,0,18,10,3,1,3.0,2.896551724137931,97.449,29.284,21.005,47.16,3.822,0,4,15,26,10,2,1,0,0
40,1,18,14,2,0,3.0,2.966666666666667,96.117,28.2,26.568,41.349,3.522,0,5,15,24,10,5,1,0,0
40,0,12,14,3,1,3.0,2.9833333333333334,94.525,15.012,30.702,48.811,3.678,0,4,16,24,10,5,1,0,0
33,0,16,14,3,1,3.5,3.1940298507462686,93.875,16.342,25.66,51.873,10.317,0,4,16,24,13,7,2,1,0
37,1,16,14,1,1,2.5,2.8253968253968256,93.677,23.115,26.847,43.715,7.278,0,7,22,18,9,5,2,0,0
30,2,18,14,2,1,2.5,2.857142857142857,93.13,24.628,25.947,42.555,7.044,0,7,24,20,12,5,2,0,0
41,3,12,14,2,1,3.5,3.0508474576271185,92.897,16.721,28.413,47.763,7.098,0,5,17,17,12,6,2,0,0
36,1,14,14,2,1,2.5,2.828125,92.105,18.489,28.268,45.348,7.296,0,7,23,17,10,5,2,0,0
40,2,8,14,3,1,3.5,3.1333333333333333,91.676,9.336,27.834,54.506,10.749,0,5,17,16,13,6,2,1,0
40,0,12,14,2,1,3.5,3.1333333333333333,91.393,13.638,26.277,51.478,6.81,0,4,15,20,13,6,2,0,0
41,3,16,14,0,1,3.5,3.1016949152542375,91.349,22.249,24.506,44.594,6.786,0,4,15,21,11,6,2,0,0
40,3,14,14,1,1,3.5,3.05,90.444,19.362,25.119,45.963,6.552,0,5,17,18,12,6,2,0,0
39,1,16,10,3,1,3.5,2.9672131147540983,90.234,21.034,18.393,50.807,6.486,0,5,15,25,11,3,2,0,0
30,1,16,14,3,1,3.0,3.0,89.771,16.734,26.156,46.881,6.552,0,6,17,28,11,6,2,0,0
34,0,16,14,3,0,3.0,3.0,89.452,18.853,23.959,46.64,5.838,0,5,17,27,9,6,2,0,0
35,0,14,14,3,0,3.5,3.1846153846153844,88.345,14.818,22.584,50.943,9.226,0,4,16,23,12,7,2,1,0
38,3,18,12,0,1,2.5,2.7419354838709675,88.279,29.409,19.971,38.899,3.39,0,6,24,17,11,3,1,0,0
38,0,12,14,1,1,3.0,3.0161290322580645,86.838,13.262,24.132,49.444,6.276,0,5,17,22,10,6,2,0,0
31,3,18,12,2,1,3.0,2.927536231884058,86.715,22.836,19.201,44.678,6.33,0,6,19,26,12,4,2,0,0
33,1,14,12,3,1,2.5,2.7611940298507465,86.601,17.6,22.393,46.608,6.57,0,8,24,19,10,4,2,0,0
34,2,12,14,2,1,3.0,2.984848484848485,86.432,13.558,24.672,48.202,6.216,0,6,18,23,11,6,2,0,0
40,2,10,12,3,1,2.5,2.7333333333333334,86.382,14.054,25.035,47.293,6.966,0,7,24,14,10,3,2,0,0
40,2,14,10,3,1,3.5,2.95,86.331,18.482,18.028,49.821,6.522,0,5,16,23,11,3,2,0,0
30,1,18,12,2,1,3.0,2.9714285714285715,85.891,20.428,18.627,46.836,6.066,0,6,17,28,13,4,2,0,0
38,3,14,10,3,1,3.5,2.9516129032258065,85.672,18.437,17.483,49.752,6.108,0,5,17,23,12,3,2,0,0
38,0,10,12,3,1,2.5,2.774193548387097,85.624,12.044,23.663,49.917,6.726,0,7,24,15,10,4,2,0,0
29,0,18,12,2,1,3.0,3.0,84.982,19.391,18.293,47.298,5.988,0,5,17,30,13,4,2,0,0
35,0,16,12,1,1,3.0,2.9692307692307693,84.899,18.042,18.271,48.586,6.048,0,5,17,26,11,4,2,0,0
33,0,14,14,3,0,3.5,3.208955223880597,84.781,13.971,21.165,49.645,11.37,0,5,16,22,13,7,3,1,0
40,3,4,14,3,1,3.5,3.1666666666666665,84.625,4.866,25.848,53.911,9.644,0,5,17,15,13,7,2,1,0
37,1,8,12,3,1,3.5,3.126984126984127,84.561,7.693,20.333,56.535,12.247,0,6,17,17,14,5,3,1,0
40,0,16,12,3,0,3.5,3.033333333333333,84.358,19.771,19.828,44.759,5.904,0,4,15,24,11,4,2,0,0
42,0,12,10,3,1,3.5,3.0689655172413794,84.08,14.23,17.494,52.356,9.666,0,4,16,20,12,3,2,1,0
35,1,16,10,2,1,3.0,2.8923076923076922,83.782,19.012,15.27,49.5,6.126,0,6,17,27,10,3,2,0,0
29,1,14,14,3,1,2.5,2.8450704225352115,83.777,14.782,24.612,44.383,6.342,0,8,24,20,11,6,2,0,0
40,0,18,6,3,1,3.5,3.033333333333333,83.761,23.212,9.159,51.39,9.466,0,4,16,24,10,3,2,1,0
32,0,16,14,2,0,3.5,3.2058823529411766,83.691,15.374,19.697,48.62,10.816,0,5,16,23,13,7,3,1,0
31,3,16,12,2,1,3.5,3.072463768115942,83.686,17.205,17.677,48.804,8.773,0,5,18,25,13,5,2,1,0
34,0,16,12,1,1,3.5,3.1666666666666665,83.512,16.028,16.295,51.189,11.318,0,5,16,22,14,5,3,1,0
36,0,16,10,2,1,3.0,2.921875,83.434,18.747,15.335,49.352,5.904,0,5,17,27,10,3,2,0,0
37,2,18,8,2,1,3.0,2.873015873015873,83.412,24.408,11.67,47.334,5.706,0,5,17,28,9,2,2,0,0
36,3,10,14,1,1,3.0,2.96875,83.37,12.199,22.946,48.225,6.048,0,6,19,20,11,6,2,0,0
35,2,12,14,1,1,2.5,2.8153846153846156,83.2,14.792,23.788,44.62,6.342,0,8,24,15,10,6,2,0,0
42,2,10,14,3,0,3.5,3.0517241379310347,83.197,12.84,24.87,45.487,5.646,0,5,16,18,11,6,2,0,0
32,2,14,14,3,0,3.5,3.1323529411764706,83.134,15.005,20.955,47.174,8.688,0,5,17,24,12,7,2,1,0
32,0,16,14,2,0,3.5,3.2058823529411766,83.019,15.333,19.427,48.259,10.74,0,5,16,23,13,7,3,1,0
41,0,12,10,3,1,3.5,3.1016949152542375,82.643,13.261,16.436,52.946,9.75,0,4,16,20,12,4,2,1,0
34,1,14,14,2,0,3.5,3.1515151515151514,82.616,14.596,19.822,48.198,8.34,0,5,16,23,12,7,2,1,0
39,2,10,14,1,1,2.5,2.80327868852459,82.56,12.907,24.635,45.018,6.384,0,7,24,13,10,5,2,0,0
33,3,16,14,2,0,2.5,2.791044776119403,82.48,21.001,22.349,39.13,5.694,0,7,25,19,9,5,2,0,0
31,2,14,14,3,0,3.5,3.1594202898550723,82.319,14.349,20.384,47.586,10.881,0,6,17,22,13,7,3,1,0
30,1,16,12,2,1,3.0,2.942857142857143,81.717,16.268,18.068,47.381,5.988,0,6,17,30,11,4,2,0,0
30,0,18,12,1,1,3.0,3.0,81.605,19.008,16.364,46.233,5.742,0,5,17,29,13,4,2,0,0
34,0,18,10,1,1,3.0,2.9545454545454546,81.481,20.706,12.909,47.866,5.556,0,5,17,27,12,3,2,0,0
36,2,4,14,3,1,3.0,3.046875,80.821,3.847,24.711,52.263,9.423,0,6,18,20,11,6,2,1,0
34,1,16,10,2,1,3.5,3.090909090909091,80.454,16.468,13.333,50.653,11.092,0,6,16,23,13,4,3,1,0
41,0,16,12,0,1,3.0,2.9322033898305087,80.296,19.48,17.674,43.142,3.03,0,4,15,26,10,3,1,0,0
33,0,16,10,2,1,3.0,2.925373134328358,80.164,17.06,14.185,48.919,5.622,0,5,17,30,10,3,2,0,0
35,3,18,10,0,1,3.0,2.8923076923076922,80.155,23.243,12.612,44.3,5.73,0,6,18,25,11,3,2,0,0
36,1,6,12,3,1,3.0,2.984375,80.057,5.082,19.897,55.078,9.011,0,6,18,22,11,4,2,1,0
35,2,8,14,2,1,2.5,2.8153846153846156,80.026,8.769,24.165,47.092,6.006,0,8,25,13,11,6,2,0,0
41,1,16,12,0,1,2.5,2.7796610169491527,79.983,21.022,18.754,40.207,6.3,0,7,20,18,9,3,2,0,0
37,1,18,10,3,0,3.0,2.9047619047619047,79.951,22.72,14.95,42.281,5.226,0,5,16,28,10,2,2,0,0
38,3,10,12,2,1,2.5,2.7580645161290325,79.864,13.377,20.464,46.023,6.21,0,7,25,14,10,4,2,0,0
28,1,18,12,1,1,3.5,3.138888888888889,79.843,17.2,15.103,47.54,10.645,0,6,17,24,16,5,3,1,0
29,2,14,14,3,0,2.5,2.816901408450704,79.825,15.936,21.527,42.362,5.64,0,8,25,20,10,6,2,0,0
32,0,12,14,1,1,3.0,3.073529411764706,79.724,10.773,20.455,48.496,8.911,0,5,18,25,11,6,2,1,0
38,1,12,12,1,1,3.0,2.935483870967742,79.554,13.174,18.152,48.228,5.472,0,6,17,22,11,4,2,0,0
37,0,4,12,3,1,3.5,3.2222222222222223,79.256,2.78,18.338,58.138,11.122,0,5,16,17,15,6,3,1,0
39,2,6,14,1,1,3.5,3.19672131147541,79.169,5.673,20.505,52.991,11.568,0,6,17,13,14,7,3,1,0
37,1,10,14,0,1,3.5,3.2222222222222223,79.052,9.294,19.247,50.511,10.876,0,6,15,17,14,7,3,1,0
35,2,12,12,1,1,3.5,3.123076923076923,78.911,12.382,15.835,50.694,10.802,0,6,17,19,14,5,3,1,0
31,0,14,12,2,1,2.5,2.782608695652174,78.825,14.942,18.264,45.619,5.628,0,7,26,19,11,4,2,0,0
34,3,18,12,2,0,2.5,2.772727272727273,78.528,24.089,16.869,37.57,5.388,0,7,24,19,11,3,2,0,0
37,2,2,14,3,1,2.5,2.8095238095238093,78.455,2.658,26.273,49.524,6.108,0,9,23,12,11,6,2,0,0
38,3,14,12,3,0,3.0,2.838709677419355,78.323,18.675,18.813,40.835,2.862,0,5,18,26,9,3,1,0,0
33,1,4,14,3,1,3.5,3.2388059701492535,78.231,2.958,21.362,53.911,11.416,0,6,16,18,15,8,3,1,0
36,0,16,10,3,0,3.5,3.078125,78.193,16.606,13.596,47.991,8.193,0,4,16,26,11,4,2,1,0
36,1,10,12,3,0,3.5,3.109375,78.179,9.94,16.933,51.306,10.491,0,6,17,19,13,5,3,1,0
42,1,10,14,2,0,3.5,3.086206896551724,78.172,11.075,21.585,45.512,5.436,0,5,15,18,12,6,2,0,0
32,2,16,8,3,1,3.5,3.0294117647058822,78.169,16.409,11.006,50.754,10.987,0,6,18,25,11,4,3,1,0
28,2,12,14,3,1,3.0,3.0277777777777777,78.138,11.209,22.382,44.547,8.79,0,6,19,27,11,6,2,1,0
37,3,18,10,0,1,3.0,2.9047619047619047,78.104,23.548,12.249,42.307,5.682,0,5,17,26,11,2,2,0,0
32,1,18,14,0,0,3.0,3.0294117647058822,77.965,19.458,17.138,41.369,4.836,0,6,16,26,12,6,2,0,0
33,1,8,14,3,0,2.5,2.7761194029850746,77.837,8.215,22.671,46.951,5.502,0,9,25,15,10,6,2,0,0
31,2,14,10,3,1,3.5,3.0579710144927534,77.799,13.898,14.117,49.784,10.868,0,6,18,24,13,4,3,1,0
32,3,16,8,3,1,2.5,2.661764705882353,77.665,20.612,12.7,44.353,5.646,0,8,26,22,7,3,2,0,0
39,0,12,14,1,0,3.5,3.19672131147541,77.578,12.071,18.604,46.903,8.007,0,4,16,19,12,7,2,1,0
38,0,6,12,2,1,3.5,3.2096774193548385,77.495,4.629,17.183,55.683,10.641,0,5,17,15,15,6,3,1,0
35,2,8,12,2,1,3.5,3.123076923076923,77.405,7.652,16.812,52.941,10.924,0,6,18,17,15,5,3,1,0
30,3,12,14,3,0,3.0,2.9571428571428573,77.253,13.217,20.389,43.647,5.094,0,6,19,27,10,6,2,0,0
34,2,18,4,3,1,3.5,3.0606060606060606,77.012,20.204,6.439,50.369,10.495,0,6,16,25,11,4,3,1,0
38,2,16,6,3,1,2.5,2.661290322580645,76.908,21.56,9.746,45.602,5.988,0,7,24,21,5,3,2,0,0
31,1,18,10,3,0,2.5,2.739130434782609,76.834,21.38,13.742,41.712,4.878,0,8,24,22,10,3,2,0,0
41,1,18,8,1,1,2.5,2.694915254237288,76.697,25.341,11.088,40.268,6.024,0,7,22,18,8,2,2,0,0
29,0,16,10,3,1,2.5,2.732394366197183,76.694,16.916,14.952,44.826,5.598,0,8,25,23,10,3,2,0,0
34,1,4,14,3,0,3.5,3.227272727272727,76.647,3.139,19.882,53.626,9.891,0,6,16,18,14,8,3,1,0
36,2,6,12,3,1,2.5,2.71875,76.631,6.291,20.739,49.601,5.994,0,8,27,12,11,4,2,0,0
32,2,6,12,3,1,3.5,3.1470588235294117,76.573,5.231,17.491,53.851,10.499,0,6,18,19,15,6,3,1,0
35,2,6,14,1,1,2.5,2.769230769230769,76.51,6.037,22.279,48.194,6.078,0,9,26,11,11,6,2,0,0
34,2,14,8,3,1,2.5,2.6818181818181817,76.458,17.123,12.71,46.625,5.568,0,8,25,20,8,3,2,0,0
34,3,12,12,3,0,3.0,2.893939393939394,76.444,14.188,17.459,44.797,5.37,0,6,19,25,10,4,2,0,0
38,3,10,14,2,0,3.0,2.935483870967742,76.34,12.433,20.96,42.947,5.094,0,6,19,20,9,6,2,0,0
33,3,18,10,3,0,2.5,2.716417910447761,76.319,23.678,14.059,38.582,5.358,0,7,25,21,10,2,2,0,0
34,2,12,12,1,1,3.0,2.9242424242424243,76.303,12.654,16.413,47.236,5.562,0,6,18,25,11,4,2,0,0
41,1,18,14,0,0,3.0,2.983050847457627,76.209,22.692,19.288,34.229,2.7,0,5,14,24,10,5,1,0,0
34,2,18,6,2,1,3.0,2.8484848484848486,76.143,21.535,7.026,47.582,5.22,0,6,18,29,8,3,2,0,0
40,1,18,12,1,0,3.5,3.033333333333333,76.012,21.979,15.166,38.867,5.256,0,5,15,21,13,4,2,0,0
30,0,12,14,2,0,3.0,3.0428571428571427,75.679,10.976,18.39,46.313,7.979,0,6,18,26,11,6,2,1,0
34,1,10,14,1,0,3.5,3.1818181818181817,75.64,9.177,17.265,49.198,9.509,0,6,17,18,14,7,3,1,0
39,2,18,4,2,1,3.5,3.0491803278688523,75.398,21.592,5.746,48.06,7.827,0,5,15,24,10,4,2,1,0
41,0,4,12,2,1,3.5,3.2033898305084745,75.376,2.77,17.241,55.365,10.933,0,5,16,14,15,5,3,1,0
31,3,14,10,2,1,3.5,3.0434782608695654,75.357,14.239,12.622,48.496,10.342,0,6,19,23,13,4,3,1,0
32,2,10,14,2,0,3.0,3.014705882352941,75.356,10.401,19.019,45.936,7.807,0,6,19,24,10,6,2,1,0
39,1,4,14,2,0,3.5,3.2131147540983607,75.291,3.251,19.366,52.674,10.225,0,6,16,14,14,7,3,1,0
29,3,12,12,2,1,3.5,3.1267605633802815,75.269,11.663,15.287,48.319,9.881,0,6,19,21,15,6,3,1,0
31,1,18,10,2,0,3.5,3.0869565217391304,74.97,18.418,10.842,45.71,9.41,0,6,17,24,14,4,3,1,0
32,1,8,14,3,0,2.5,2.764705882352941,74.921,7.807,21.459,45.655,5.244,0,9,26,15,10,6,2,0,0
33,2,12,12,3,0,3.0,2.91044776119403,74.84,13.093,16.672,45.075,4.914,0,6,18,27,10,4,2,0,0
39,0,16,6,2,1,3.5,3.0655737704918034,74.836,16.652,7.118,51.066,10.631,0,5,16,23,9,4,3,1,0
34,3,10,10,2,1,3.5,3.0606060606060606,74.607,10.485,13.067,51.055,10.376,0,6,19,19,14,4,3,1,0
30,1,18,8,3,0,3.5,3.0714285714285716,74.58,18.034,9.153,47.393,9.228,0,6,17,26,13,4,3,1,0
37,2,18,8,3,0,3.5,3.0,74.512,21.028,10.33,43.154,7.915,0,5,17,24,11,3,2,1,0
33,2,8,12,3,0,3.5,3.1343283582089554,74.3,7.728,15.41,51.162,9.645,0,6,18,19,14,6,3,1,0
37,3,16,4,3,1,3.0,2.8253968253968256,74.21,19.431,7.246,47.533,5.22,0,6,17,29,6,3,2,0,0
30,1,18,14,0,0,2.5,2.857142857142857,74.208,19.278,16.867,38.063,4.686,0,8,23,20,11,6,2,0,0
30,2,14,12,3,0,3.0,2.9571428571428573,74.185,14.236,15.826,44.123,7.485,0,6,19,28,10,4,2,1,0
34,1,16,12,2,0,2.5,2.757575757575758,74.176,18.086,15.99,40.1,5.232,0,8,23,20,9,4,2,0,0
32,1,8,12,2,1,3.0,2.985294117647059,74.16,6.728,16.794,50.638,7.873,0,7,19,22,12,5,2,1,0
38,2,14,10,1,1,3.0,2.8548387096774195,74.089,16.432,13.037,44.62,5.382,0,6,18,24,9,3,2,0,0
36,1,8,12,3,0,3.0,2.96875,74.081,7.717,16.919,49.445,7.703,0,6,18,23,10,4,2,1,0
41,2,6,12,2,1,2.5,2.711864406779661,74.077,7.021,20.35,46.706,6.03,0,8,25,10,10,4,2,0,0
37,2,14,10,1,1,3.0,2.873015873015873,74.074,15.954,12.552,45.568,5.28,0,6,18,24,10,3,2,0,0
37,0,8,12,3,0,3.0,3.0,73.827,7.216,17.243,49.368,7.789,0,5,18,23,10,4,2,1,0
42,3,12,10,1,1,3.0,2.8448275862068964,73.739,15.832,13.919,43.988,5.67,0,5,18,22,9,2,2,0,0
33,0,12,12,2,0,3.5,3.1791044776119404,73.684,10.745,14.142,48.797,9.541,0,5,17,21,14,6,3,1,0
31,1,16,12,0,1,3.0,3.0,73.521,14.717,14.129,44.675,7.932,0,6,17,28,11,4,2,1,0
35,3,2,12,3,1,2.5,2.753846153846154,73.344,3.076,19.965,50.303,8.388,0,9,26,12,11,4,3,0,0
42,1,12,6,3,1,3.5,3.0,73.26,13.243,8.695,51.322,8.528,0,5,16,22,8,4,2,1,0
37,0,16,6,2,1,3.0,2.857142857142857,73.218,17.351,7.127,48.74,5.334,0,5,17,30,6,3,2,0,0
33,2,8,12,1,1,3.5,3.1492537313432836,73.101,7.266,14.429,51.406,9.782,0,6,18,18,15,6,3,1,0
35,2,16,14,0,0,3.0,2.9692307692307693,73.07,17.284,17.042,38.744,4.866,0,6,17,25,9,6,2,0,0
35,0,10,12,2,0,3.5,3.1846153846153844,73.022,8.642,14.219,50.161,9.625,0,5,17,19,14,6,3,1,0
29,2,16,12,2,0,2.5,2.7464788732394365,72.942,17.235,15.243,40.464,4.764,0,8,26,21,10,4,2,0,0
33,0,12,10,2,1,2.5,2.701492537313433,72.918,12.61,14.04,46.268,5.514,0,8,26,18,10,3,2,0,0
40,3,12,6,3,1,3.5,2.966666666666667,72.885,14.376,8.51,49.999,8.336,0,5,18,22,8,4,2,1,0
38,2,6,12,1,1,3.5,3.129032258064516,72.871,5.454,15.033,52.384,10.221,0,6,18,14,15,5,3,1,0
33,1,14,10,3,0,3.5,3.0597014925373136,72.819,13.23,12.103,47.486,9.41,0,6,17,24,12,4,3,1,0
35,0,14,10,1,1,3.0,2.9692307692307693,72.814,13.496,11.929,47.389,7.966,0,5,18,26,10,3,2,1,0
33,3,16,12,1,0,3.5,3.0597014925373136,72.811,16.934,12.941,42.936,6.999,0,5,18,24,12,5,2,1,0
30,3,16,10,1,1,3.0,2.914285714285714,72.808,16.247,11.476,45.085,8.154,0,6,20,28,10,3,2,1,0
30,1,14,12,2,0,3.5,3.142857142857143,72.703,12.32,13.392,46.991,8.931,0,6,17,23,14,6,3,1,0
33,1,14,14,0,0,3.5,3.1791044776119404,72.585,13.224,15.474,43.887,9.113,0,6,16,21,13,7,3,1,0
35,3,18,6,1,1,3.0,2.830769230769231,72.476,21.784,5.891,44.801,5.022,0,6,19,27,8,3,2,0,0
39,3,4,14,1,1,2.5,2.80327868852459,72.399,5.004,21.698,45.697,5.814,0,8,25,9,11,6,2,0,0
32,0,10,14,0,1,2.5,2.8088235294117645,72.325,9.435,19.062,43.828,5.184,0,8,26,15,11,6,2,0,0
28,2,16,8,3,1,2.5,2.6527777777777777,72.264,17.759,11.034,43.471,5.13,0,9,27,23,8,3,2,0,0
33,2,2,12,3,1,3.0,3.0597014925373136,72.241,2.285,17.438,52.518,9.987,0,7,17,22,12,5,3,1,0
37,3,4,14,2,0,3.0,3.015873015873016,72.204,4.718,19.21,48.276,7.7,0,6,19,19,10,6,2,1,0
42,0,18,6,1,1,3.0,2.8793103448275863,72.193,21.863,6.509,43.821,5.25,0,4,16,27,7,2,2,0,0
29,3,8,14,3,0,2.5,2.732394366197183,72.15,8.834,20.473,42.843,5.046,0,9,29,15,10,6,2,0,0
40,3,12,14,1,0,3.0,2.9,72.089,14.81,19.131,38.148,2.724,0,5,18,22,9,5,1,0,0
33,3,4,12,2,1,3.5,3.1194029850746268,72.05,4.272,15.773,52.005,9.956,0,7,19,15,16,6,3,1,0
40,2,10,14,1,0,3.0,2.95,71.871,11.206,19.095,41.57,5.082,0,6,18,19,9,6,2,0,0
41,1,2,10,3,1,3.5,3.1864406779661016,71.857,1.706,14.043,56.108,10.448,0,6,14,16,14,5,3,1,0
29,0,4,14,3,1,2.5,2.8732394366197185,71.843,2.552,21.344,47.947,7.836,0,9,26,14,12,7,3,0,0
32,1,4,14,1,1,3.5,3.2058823529411766,71.772,2.842,17.831,51.099,9.514,0,7,17,16,16,8,3,1,0
36,2,10,6,3,1,3.5,3.046875,71.726,9.91,7.914,53.902,9.736,0,6,18,21,10,5,3,1,0
30,1,12,12,3,0,2.5,2.7142857142857144,71.603,12.128,16.315,43.16,4.656,0,9,26,19,10,4,2,0,0
38,3,8,14,1,0,3.0,2.9516129032258065,71.469,9.086,18.771,43.612,4.992,0,6,19,19,10,6,2,0,0
38,0,2,12,2,1,3.0,3.064516129032258,71.451,1.39,16.914,53.147,8.026,0,6,16,20,12,5,2,1,0
32,1,4,12,2,1,3.5,3.1911764705882355,71.411,2.782,15.092,53.537,12.053,0,7,17,17,16,6,4,1,0
31,0,12,12,3,0,2.5,2.739130434782609,71.389,11.917,16.054,43.418,4.98,0,8,26,19,10,4,2,0,0
32,3,16,12,1,0,3.0,2.8970588235294117,71.339,17.483,13.325,40.531,4.638,0,6,19,27,10,4,2,0,0
38,3,6,10,3,1,2.5,2.661290322580645,71.28,7.427,16.249,47.604,5.586,0,8,27,12,10,3,2,0,0
37,0,8,14,1,0,3.0,3.0634920634920637,71.249,7.014,17.635,46.6,7.064,0,5,18,21,10,6,2,1,0
28,2,14,12,1,1,3.5,3.138888888888889,71.24,12.231,13.384,45.625,9.523,0,6,18,23,15,6,3,1,0
32,3,10,12,2,0,3.5,3.1176470588235294,71.237,10.16,13.625,47.452,9.364,0,6,19,19,14,6,3,1,0
38,2,2,12,3,1,2.5,2.725806451612903,71.186,2.679,20.024,48.483,5.514,0,9,24,12,11,4,2,0,0
33,1,2,12,3,1,2.5,2.8059701492537314,71.077,1.545,18.533,50.999,7.752,0,10,24,13,12,5,3,0,0
41,2,14,4,3,1,3.5,3.016949152542373,70.974,15.565,6.757,48.652,7.91,0,5,15,24,8,4,2,1,0
40,0,2,14,3,0,2.5,2.8333333333333335,70.948,1.538,22.387,47.023,5.244,0,8,22,12,10,6,2,0,0
36,2,6,12,1,1,3.0,2.953125,70.915,5.271,15.491,50.153,7.896,0,7,19,19,12,4,2,1,0
42,0,18,4,2,1,2.5,2.7241379310344827,70.912,23.014,6.513,41.385,5.67,0,6,21,20,7,2,2,0,0
30,1,8,12,3,0,3.0,3.0142857142857142,70.876,6.816,15.266,48.794,9.266,0,7,19,24,11,5,3,1,0
31,0,16,6,3,1,3.0,2.898550724637681,70.874,14.991,7.321,48.562,7.459,0,6,18,32,7,3,2,1,0
32,0,14,10,1,1,2.5,2.7058823529411766,70.815,14.444,12.109,44.262,5.244,0,8,26,19,10,3,2,0,0
38,0,6,8,3,1,3.5,3.129032258064516,70.781,4.239,10.553,55.989,10.221,0,5,17,19,12,5,3,1,0
30,0,18,12,1,0,2.5,2.8142857142857145,70.766,18.517,13.284,38.965,4.254,0,7,25,20,12,4,2,0,0
37,3,10,12,3,0,2.5,2.7142857142857144,70.746,12.345,17.515,40.886,5.238,0,8,25,15,9,4,2,0,0
34,0,2,14,3,0,2.5,2.893939393939394,70.721,1.348,20.077,49.296,7.248,0,9,23,13,11,7,3,0,0
32,3,12,12,0,1,3.5,3.1176470588235294,70.711,11.566,13.212,45.933,9.136,0,6,18,20,15,5,3,1,0
33,2,16,8,3,0,3.5,3.014925373134328,70.68,16.286,8.962,45.432,9.162,0,6,18,25,10,4,3,1,0
31,1,10,10,2,1,3.5,3.0869565217391304,70.646,8.408,11.688,50.55,9.637,0,7,18,20,15,5,3,1,0
41,3,18,8,3,0,3.5,2.9152542372881354,70.643,23.037,10.693,36.913,4.92,0,5,17,22,10,3,2,0,0
34,0,12,10,3,0,3.0,2.9545454545454546,70.622,11.169,12.309,47.144,7.144,0,5,18,28,9,3,2,1,0
40,3,18,12,1,0,2.5,2.7333333333333334,70.554,24.359,15.727,30.468,2.532,0,6,23,17,10,3,1,0,0
33,0,8,12,3,0,2.5,2.7611940298507465,70.531,7.264,16.712,46.555,7.368,0,8,27,15,10,4,3,0,0
33,3,6,14,0,1,3.0,3.014925373134328,70.434,5.985,17.923,46.526,7.365,0,7,19,20,12,6,2,1,0
31,1,2,12,3,1,3.0,3.0434782608695654,70.418,1.632,16.9,51.886,10.06,0,8,17,22,13,5,3,1,0
39,1,14,12,2,0,2.5,2.737704918032787,70.382,15.891,16.915,37.576,5.19,0,7,23,17,9,3,2,0,0
30,2,6,14,1,1,2.5,2.857142857142857,70.368,5.266,18.872,46.23,7.494,0,9,27,12,12,7,3,0,0
34,3,18,6,1,1,3.0,2.8333333333333335,70.313,20.613,5.581,44.119,4.704,0,6,19,28,8,3,2,0,0
42,1,14,6,2,1,3.5,3.0,70.287,15.159,7.276,47.852,7.993,0,5,16,22,8,4,2,1,0
36,3,12,12,0,1,2.5,2.734375,70.274,14.02,15.764,40.49,5.166,0,8,25,15,10,4,2,0,0
39,0,14,6,3,1,2.5,2.6557377049180326,70.216,16.175,9.04,45.001,5.712,0,7,24,20,5,3,2,0,0
35,2,8,10,2,1,2.5,2.646153846153846,70.211,8.661,14.392,47.158,5.52,0,9,27,14,10,3,2,0,0
34,3,2,10,3,1,3.5,3.106060606060606,70.146,2.984,13.102,54.06,9.662,0,7,17,18,15,5,3,1,0
38,1,16,2,3,1,3.0,2.935483870967742,70.102,16.698,5.282,48.122,7.753,0,6,14,30,6,3,2,1,0
31,0,18,8,3,0,2.5,2.7246376811594204,70.097,19.28,9.885,40.932,4.56,0,7,26,22,9,3,2,0,0
37,0,10,10,3,0,3.0,2.9523809523809526,69.995,9.414,12.865,47.716,7.344,0,5,18,25,9,3,2,1,0
39,2,18,2,2,1,3.0,2.901639344262295,69.983,21.043,4.158,44.782,4.908,0,6,14,28,8,3,2,0,0
28,0,18,10,0,1,3.5,3.1805555555555554,69.949,15.086,9.422,45.441,8.85,0,5,16,26,16,5,3,1,0
34,0,4,12,1,1,3.5,3.227272727272727,69.911,2.478,14.012,53.421,11.298,0,6,17,16,16,6,4,1,0
30,1,12,10,1,1,3.5,3.085714285714286,69.897,10.257,10.718,48.922,9.002,0,7,18,21,15,5,3,1,0
34,2,10,12,0,1,2.5,2.727272727272727,69.794,10.647,15.397,43.75,5.202,0,9,25,15,11,4,2,0,0
29,1,12,14,1,0,3.0,3.0140845070422535,69.711,10.749,15.943,43.019,6.885,0,7,18,26,11,6,2,1,0
31,2,14,12,1,0,3.5,3.101449275362319,69.678,13.224,12.425,44.029,8.87,0,6,18,22,14,5,3,1,0
37,2,4,12,3,0,3.0,2.9523809523809526,69.628,4.149,16.335,49.144,7.597,0,7,18,20,11,4,2,1,0
30,1,10,14,1,0,3.0,3.0285714285714285,69.619,8.68,15.883,45.056,6.672,0,7,19,23,11,7,2,1,0
35,2,10,14,0,0,3.5,3.169230769230769,69.575,9.515,15.464,44.596,8.878,0,6,17,18,13,7,3,1,0
38,0,18,0,3,1,2.5,2.7903225806451615,69.564,20.759,4.302,44.503,4.932,0,6,21,22,8,3,2,0,0
41,3,14,14,0,0,3.5,3.0508474576271185,69.509,16.442,16.891,36.176,4.686,0,5,16,19,11,6,2,0,0
31,2,14,12,0,1,2.5,2.753623188405797,69.447,14.758,14.353,40.336,4.74,0,8,26,18,11,4,2,0,0
36,0,18,12,0,0,3.0,2.984375,69.349,18.458,12.779,38.112,4.626,0,5,16,26,11,4,2,0,0
32,3,12,12,2,0,2.5,2.7205882352941178,69.324,13.603,15.164,40.557,4.746,0,8,27,17,10,4,2,0,0
33,1,4,10,3,1,2.5,2.7313432835820897,69.317,3.042,14.752,51.523,7.608,0,10,26,13,11,4,3,0,0
33,0,14,12,1,0,3.0,3.0,69.25,12.761,12.879,43.61,7.149,0,5,18,27,10,4,2,1,0
40,0,14,4,3,1,2.5,2.7,69.17,15.783,7.521,45.866,5.34,0,7,22,20,6,3,2,0,0
41,2,10,8,3,1,2.5,2.6440677966101696,69.148,12.316,12.843,43.989,5.508,0,8,24,15,7,3,2,0,0
30,1,18,10,1,0,3.5,3.1,69.145,16.665,9.115,43.365,8.196,0,6,17,24,15,4,3,1,0
28,0,4,14,2,1,3.5,3.2916666666666665,69.132,2.346,17.287,49.499,11.361,0,6,18,17,17,9,4,1,0
28,3,14,10,3,0,3.5,3.0694444444444446,69.101,13.32,10.946,44.835,8.566,0,6,19,25,13,5,3,1,0
39,1,12,4,3,1,3.5,3.0655737704918034,69.095,11.563,6.366,51.166,9.983,0,6,15,22,10,4,3,1,0
42,2,16,0,3,1,3.0,2.913793103448276,68.977,18.777,4.325,45.875,5.334,0,5,13,29,6,3,2,0,0
36,1,8,8,3,1,2.5,2.609375,68.948,7.995,12.17,48.783,5.562,0,9,27,15,8,3,2,0,0
31,0,18,6,1,1,3.5,3.1159420289855073,68.937,16.212,4.871,47.854,8.423,0,5,17,26,12,5,3,1,0
39,0,8,12,0,1,3.0,3.0327868852459017,68.876,6.837,14.661,47.378,7.382,0,5,17,21,11,4,2,1,0
40,2,18,6,1,1,2.5,2.65,68.87,23.495,6.497,38.878,5.334,0,7,24,18,7,2,2,0,0
40,0,16,6,1,1,3.5,3.066666666666667,68.866,15.898,5.708,47.26,9.566,0,5,16,22,9,4,3,1,0
39,2,8,6,3,1,3.5,3.0491803278688523,68.853,7.805,7.738,53.31,9.766,0,6,18,18,10,5,3,1,0
37,0,18,6,0,1,3.5,3.0952380952380953,68.787,17.875,4.634,46.278,8.987,0,5,16,23,11,4,3,1,0
37,3,8,12,3,0,2.5,2.6984126984126986,68.77,9.666,17.281,41.823,5.22,0,8,26,14,9,4,2,0,0
41,2,16,2,3,1,2.5,2.6779661016949152,68.758,19.888,5.886,42.984,5.586,0,8,20,21,5,3,2,0,0
30,1,18,8,3,0,2.5,2.7,68.718,19.175,9.561,39.982,4.566,0,8,26,22,9,3,2,0,0
36,1,6,14,1,0,3.0,3.015625,68.705,4.904,17.034,46.767,7.269,0,7,18,19,11,6,2,1,0
37,0,10,12,0,1,2.5,2.7777777777777777,68.69,9.633,15.119,43.938,5.076,0,7,25,14,11,4,2,0,0
32,2,14,10,0,1,3.0,2.9411764705882355,68.647,13.582,10.494,44.571,7.011,0,6,18,28,10,3,2,1,0
31,2,14,10,1,1,2.5,2.681159420289855,68.635,15.031,11.699,41.905,5.04,0,9,26,19,10,3,2,0,0
31,0,10,12,0,1,3.5,3.1739130434782608,68.482,7.678,12.763,48.041,9.067,0,6,17,20,16,6,3,1,0
41,2,2,10,2,1,3.5,3.169491525423729,68.459,2.395,12.792,53.272,9.882,0,6,15,15,14,5,3,1,0
37,3,2,12,2,1,2.5,2.6984126984126986,68.443,3.206,17.942,47.295,5.352,0,9,26,11,11,4,2,0,0
29,0,16,6,3,1,3.0,2.915492957746479,68.431,13.99,7.139,47.302,6.761,0,6,19,32,7,4,2,1,0
39,0,16,12,0,0,3.5,3.1475409836065573,68.287,15.375,12.561,40.351,6.741,0,4,15,22,12,5,2,1,0
28,1,10,14,1,0,3.5,3.1666666666666665,68.283,7.914,14.952,45.417,9.048,0,7,18,20,15,8,3,1,0
31,0,18,8,0,1,2.5,2.7246376811594204,68.267,18.861,7.665,41.741,4.716,0,8,25,21,10,3,2,0,0
40,0,8,14,0,0,3.5,3.2333333333333334,68.263,6.628,15.724,45.911,9.148,0,5,16,15,13,7,3,1,0
28,2,14,8,3,1,3.0,2.9027777777777777,68.25,13.124,9.659,45.467,7.34,0,7,20,29,9,4,2,1,0
31,1,8,10,3,0,3.5,3.072463768115942,68.199,6.551,11.092,50.556,8.778,0,7,18,21,14,5,3,1,0
34,3,16,2,3,1,3.0,2.909090909090909,68.147,16.312,4.838,46.997,7.784,0,6,16,32,6,3,2,1,0
31,3,14,10,2,0,3.5,3.0434782608695654,68.084,13.663,10.234,44.187,8.303,0,6,19,23,13,4,3,1,0
36,3,4,12,2,0,3.5,3.140625,67.933,4.311,13.604,50.018,8.896,0,6,18,16,14,6,3,1,0
36,1,16,8,2,0,3.5,3.046875,67.895,15.309,8.102,44.484,8.928,0,6,16,24,10,4,3,1,0
35,0,16,10,1,0,3.5,3.0923076923076924,67.846,14.252,9.48,44.114,9.24,0,5,17,23,12,4,3,1,0
32,0,12,14,0,0,3.0,3.0588235294117645,67.79,10.131,14.961,42.698,6.555,0,6,17,25,11,6,2,1,0
34,2,14,10,0,1,3.0,2.9393939393939394,67.783,13.689,10.343,43.751,6.991,0,6,18,26,10,3,2,1,0
35,0,2,14,1,0,3.5,3.3076923076923075,67.768,1.266,15.493,51.009,10.291,0,6,15,16,15,8,4,1,0
29,2,8,14,1,0,3.0,3.056338028169014,67.732,7.041,15.631,45.06,8.818,0,7,20,22,11,7,3,1,0
38,3,14,8,1,1,2.5,2.6451612903225805,67.689,17.542,9.599,40.548,5.184,0,8,25,17,7,3,2,0,0
41,0,6,12,1,1,2.5,2.76271186440678,67.626,4.995,16.953,45.678,5.478,0,7,25,10,11,4,2,0,0
28,0,16,12,1,0,3.0,2.986111111111111,67.557,13.358,12.023,42.176,6.892,0,6,18,30,11,4,2,1,0
30,1,14,6,3,1,2.5,2.7,67.549,14.061,7.683,45.805,6.948,0,9,26,22,6,4,3,0,0
41,1,2,12,2,1,2.5,2.7457627118644066,67.519,1.913,18.412,47.194,5.058,0,9,22,11,11,4,2,0,0
30,2,4,12,3,1,2.5,2.7714285714285714,67.506,3.609,17.157,46.74,7.17,0,10,27,13,12,5,3,0,0
39,1,10,6,3,1,2.5,2.6065573770491803,67.505,11.008,9.161,47.336,5.424,0,8,26,16,6,3,2,0,0
35,1,2,10,3,1,2.5,2.753846153846154,67.406,1.682,14.61,51.114,7.29,0,10,24,13,11,4,3,0,0
29,0,18,2,3,1,3.5,3.140845070422535,67.326,14.966,4.174,48.186,8.576,0,6,14,29,13,5,3,1,0
42,2,4,14,1,0,3.5,3.206896551724138,67.271,3.88,16.758,46.633,9.12,0,6,16,12,13,7,3,1,0
28,3,8,12,1,1,3.0,3.0,67.207,7.473,13.995,45.739,9.069,0,7,21,23,12,5,3,1,0
39,1,2,12,2,1,2.5,2.721311475409836,67.188,1.859,17.575,47.754,5.382,0,9,24,11,11,4,2,0,0
42,3,12,8,1,1,3.5,3.0,67.13,13.558,8.959,44.613,7.78,0,5,18,18,10,4,2,1,0
39,3,2,8,3,1,3.5,3.1147540983606556,67.123,2.937,10.544,53.642,9.324,0,6,16,18,12,5,3,1,0
42,1,14,4,3,1,2.5,2.6551724137931036,67.119,16.465,7.513,43.141,5.604,0,8,21,19,5,3,2,0,0
34,3,18,8,2,0,3.0,2.8484848484848486,67.085,20.013,8.348,38.724,4.254,0,6,19,27,9,3,2,0,0
39,1,6,10,2,1,2.5,2.6557377049180326,67.068,5.389,14.424,47.255,5.28,0,9,25,12,10,3,2,0,0
39,1,16,2,2,1,3.5,3.081967213114754,67.054,15.315,3.836,47.903,9.257,0,6,13,25,9,4,3,1,0
33,0,12,10,0,1,3.5,3.1641791044776117,66.973,9.533,9.567,47.873,8.665,0,5,16,23,14,5,3,1,0
42,0,18,10,1,0,3.5,3.0172413793103448,66.943,19.515,10.753,36.675,4.566,0,4,15,22,12,3,2,0,0
28,2,10,10,2,1,2.5,2.736111111111111,66.931,9.469,12.201,45.261,6.834,0,10,27,17,11,4,3,0,0
37,1,8,6,3,1,3.0,2.873015873015873,66.845,7.073,7.767,52.005,7.562,0,7,19,23,7,4,2,1,0
31,0,16,4,2,1,3.5,3.0869565217391304,66.836,13.037,4.696,49.103,8.703,0,6,16,27,11,5,3,1,0
30,2,14,8,3,0,3.5,3.057142857142857,66.665,12.634,8.209,45.822,8.19,0,6,18,26,11,5,3,1,0
35,1,16,12,0,0,3.0,2.9384615384615387,66.553,15.186,12.368,38.999,4.344,0,6,16,27,10,4,2,0,0
28,1,18,6,1,1,2.5,2.736111111111111,66.526,17.909,5.033,43.584,6.84,0,9,26,22,8,4,3,0,0
34,3,14,4,3,1,2.5,2.621212121212121,66.476,16.23,6.746,43.5,4.878,0,9,25,21,6,3,2,0,0
30,3,6,14,1,0,3.0,3.0428571428571427,66.417,5.741,15.675,45.001,8.696,0,7,21,20,11,7,3,1,0
35,0,18,6,3,0,3.0,2.876923076923077,66.386,18.238,6.519,41.629,4.212,0,5,17,31,7,3,2,0,0
35,0,18,12,0,0,2.5,2.830769230769231,66.384,18.405,12.597,35.382,4.47,0,7,22,19,11,4,2,0,0
34,0,16,0,3,1,3.0,3.0606060606060606,66.377,13.788,3.799,48.79,8.998,0,5,14,32,7,4,3,1,0
33,1,12,6,2,1,3.5,3.029850746268657,66.346,10.544,5.969,49.833,8.684,0,7,18,22,11,5,3,1,0
28,1,18,10,1,0,3.0,2.9444444444444446,66.288,16.334,9.012,40.942,6.218,0,7,18,29,12,3,2,1,0
39,3,14,4,2,1,3.5,3.0327868852459017,66.216,14.7,5.332,46.184,9.061,0,6,16,22,9,4,3,1,0
31,0,18,2,2,1,3.0,3.0434782608695654,66.183,15.957,3.502,46.724,8.545,0,6,15,31,9,4,3,1,0
35,1,18,4,3,0,3.5,3.0615384615384613,66.179,17.137,4.698,44.344,8.269,0,6,15,26,10,4,3,1,0
28,3,12,12,2,0,3.0,2.9305555555555554,66.155,11.799,13.194,41.162,6.283,0,7,20,27,11,4,2,1,0
30,1,4,10,2,1,3.0,2.9714285714285715,66.144,2.787,12.18,51.177,8.871,0,8,19,23,12,4,3,1,0
35,1,4,8,2,1,3.5,3.1384615384615384,66.114,2.775,8.867,54.472,10.683,0,7,17,17,14,5,4,1,0
32,1,12,6,2,1,3.0,2.926470588235294,66.088,10.436,6.229,49.423,9.162,0,7,19,27,7,4,3,1,0
35,1,18,0,2,1,3.5,3.2,66.052,16.355,2.401,47.296,8.616,0,5,12,27,12,5,3,1,0
33,1,6,14,0,0,3.5,3.1940298507462686,66.05,4.485,14.484,47.081,8.386,0,7,17,16,15,8,3,1,0
36,3,10,10,0,1,3.5,3.078125,66.02,9.727,9.727,46.566,9.196,0,6,18,18,14,4,3,1,0
29,3,2,14,3,0,2.5,2.8309859154929575,65.975,2.989,18.734,44.252,6.624,0,10,26,14,11,7,3,0,0
34,2,12,10,2,0,3.0,2.909090909090909,65.914,11.849,11.082,42.983,6.576,0,6,19,26,9,3,2,1,0
41,2,8,12,0,1,2.5,2.7288135593220337,65.9,8.759,15.883,41.258,5.19,0,8,24,11,10,4,2,0,0
30,2,12,10,1,1,2.5,2.7,65.879,11.903,11.124,42.852,6.93,0,9,28,17,10,3,3,0,0
34,1,2,12,2,0,3.5,3.227272727272727,65.857,1.528,12.942,51.387,10.546,0,7,15,17,16,6,4,1,0
37,2,16,6,3,0,3.5,3.0,65.819,16.148,6.427,43.244,8.905,0,6,17,24,8,4,3,1,0
37,1,4,10,3,0,3.5,3.0952380952380953,65.738,3.14,11.635,50.963,8.737,0,7,17,16,14,5,3,1,0
33,0,12,8,1,1,2.5,2.746268656716418,65.568,11.239,8.383,45.946,6.942,0,8,26,18,8,4,3,0,0
30,1,8,12,1,0,3.5,3.157142857142857,65.484,6.342,11.768,47.374,10.147,0,7,18,19,15,6,4,1,0
40,1,8,12,0,1,2.5,2.7666666666666666,65.422,7.746,15.165,42.511,4.842,0,8,23,12,11,4,2,0,0
31,2,10,10,3,0,2.5,2.681159420289855,65.396,10.222,11.985,43.189,6.726,0,9,28,17,9,3,3,0,0
34,3,8,14,0,0,3.0,3.015151515151515,65.39,7.944,15.132,42.314,6.623,0,6,19,22,10,6,2,1,0
28,2,14,8,2,1,2.5,2.7222222222222223,65.39,13.426,9.136,42.828,6.48,0,9,27,21,8,4,3,0,0
39,1,14,6,2,1,2.5,2.622950819672131,65.387,15.675,7.52,42.192,5.172,0,8,24,19,5,3,2,0,0
35,3,10,10,2,0,3.5,3.046153846153846,65.308,10.153,10.373,44.782,8.366,0,6,19,19,13,4,3,1,0
29,0,18,2,2,1,3.0,3.056338028169014,65.301,15.049,3.349,46.903,8.436,0,6,15,32,10,4,3,1,0
32,3,10,6,3,1,3.0,2.8529411764705883,65.252,9.792,7.265,48.195,7.073,0,7,21,26,7,4,2,1,0
40,0,8,12,1,0,3.5,3.15,65.235,6.62,12.769,45.846,8.975,0,5,17,16,13,5,3,1,0
38,2,12,4,3,1,2.5,2.629032258064516,65.232,13.694,6.838,44.7,4.908,0,8,25,18,6,3,2,0,0
36,1,10,10,0,1,3.0,2.9375,65.197,8.89,10.219,46.088,7.058,0,7,17,23,11,3,2,1,0
34,0,10,6,2,1,3.0,2.9545454545454546,65.185,8.347,6.242,50.596,8.638,0,6,19,26,7,4,3,1,0
32,1,16,8,0,1,2.5,2.661764705882353,65.151,16.104,7.661,41.386,4.572,0,9,25,21,8,3,2,0,0
37,2,14,6,1,1,3.0,2.857142857142857,65.126,14.304,5.534,45.288,7.24,0,6,19,26,6,3,2,1,0
29,3,2,12,3,1,2.5,2.7746478873239435,65.125,2.809,16.632,45.684,7.02,0,10,27,14,12,5,3,0,0
42,0,4,10,3,0,3.5,3.1724137931034484,65.071,2.64,12.086,50.345,9.145,0,5,16,15,13,5,3,1,0
39,2,18,0,2,1,2.5,2.7704918032786887,65.01,20.823,2.974,41.213,4.734,0,7,20,21,8,3,2,0,0
39,0,14,8,3,0,3.0,2.8688524590163933,64.999,13.596,9.71,41.693,4.422,0,5,17,27,7,3,2,0,0
33,1,10,10,0,1,3.5,3.1044776119402986,64.885,7.852,9.485,47.548,8.224,0,7,17,19,15,5,3,1,0
28,0,4,10,3,1,3.5,3.1805555555555554,64.821,2.328,11.932,50.561,10.457,0,7,18,19,17,6,4,1,0
38,1,14,4,2,1,3.0,2.903225806451613,64.802,13.669,5.152,45.981,7.199,0,6,16,28,6,3,2,1,0
31,2,14,10,0,1,3.0,2.927536231884058,64.761,12.69,9.824,42.247,6.841,0,7,18,27,11,3,2,1,0
41,0,12,4,2,1,3.5,3.1016949152542375,64.756,10.977,5.186,48.593,9.072,0,5,15,21,10,4,3,1,0
36,2,8,8,3,0,3.5,3.0625,64.75,7.232,8.529,48.989,8.501,0,6,18,20,11,5,3,1,0
31,0,2,12,2,1,2.5,2.7971014492753623,64.691,1.322,15.631,47.738,6.702,0,9,27,13,12,5,3,0,0
28,1,10,12,0,1,3.0,3.0555555555555554,64.685,7.932,12.388,44.365,8.083,0,7,18,25,13,5,3,1,0
28,1,12,10,2,0,3.5,3.0694444444444446,64.653,9.71,9.63,45.313,7.962,0,7,18,24,14,5,3,1,0
36,0,14,8,0,1,3.0,2.953125,64.651,12.676,7.328,44.647,6.64,0,5,17,28,8,3,2,1,0
30,0,8,12,2,0,2.5,2.7857142857142856,64.629,6.496,13.702,44.431,6.198,0,9,27,15,11,5,3,0,0
42,1,16,10,2,0,3.0,2.810344827586207,64.625,17.373,12.042,35.21,2.406,0,5,16,26,8,2,1,0,0
30,1,10,8,3,0,3.5,3.085714285714286,64.62,8.204,8.089,48.327,10.07,0,7,18,23,12,5,4,1,0
34,0,4,12,0,1,3.0,3.106060606060606,64.604,2.406,12.869,49.329,8.325,0,6,17,21,13,5,3,1,0
33,1,12,4,3,1,2.5,2.7313432835820897,64.579,11.419,6.166,46.994,6.936,0,9,24,20,7,4,3,0,0
42,0,14,4,2,1,3.0,2.8793103448275863,64.555,14.333,5.557,44.665,4.83,0,5,15,27,6,3,2,0,0
31,0,8,10,2,0,3.5,3.1594202898550723,64.49,5.694,9.654,49.142,9.722,0,6,18,20,15,5,4,1,0
33,0,16,6,3,0,3.0,2.8805970149253732,64.487,14.45,6.23,43.807,6.47,0,6,18,31,6,3,2,1,0
41,3,10,12,1,0,3.5,3.0677966101694913,64.458,10.69,13.075,40.693,7.047,0,5,18,16,12,5,2,1,0
31,1,12,4,2,1,3.5,3.1159420289855073,64.402,9.733,4.413,50.256,9.711,0,7,16,24,12,5,4,1,0
38,2,18,10,1,0,2.5,2.725806451612903,64.402,20.475,10.86,33.067,4.446,0,7,23,18,10,2,2,0,0
33,0,4,8,2,1,3.5,3.1791044776119404,64.402,2.334,8.539,53.529,10.576,0,6,18,18,14,6,4,1,0
35,3,2,6,3,1,3.5,3.1384615384615384,64.387,2.654,6.988,54.745,10.281,0,7,17,18,12,6,4,1,0
41,2,4,8,2,1,3.5,3.1016949152542375,64.386,3.635,9.17,51.581,9.349,0,6,17,15,12,5,3,1,0
38,3,2,14,0,1,2.5,2.7903225806451615,64.363,3.093,18.284,42.986,4.734,0,9,24,10,11,6,2,0,0
35,2,12,2,3,1,3.0,2.923076923076923,64.325,11.409,4.784,48.132,6.754,0,7,16,28,7,4,2,1,0
34,1,12,6,3,0,3.5,3.0454545454545454,64.309,10.482,6.034,47.793,8.106,0,6,17,25,9,5,3,1,0
36,1,6,4,3,1,3.5,3.125,64.299,4.236,5.627,54.436,10.873,0,7,16,19,12,5,4,1,0
30,3,18,10,0,0,3.5,3.0714285714285716,64.269,17.042,7.752,39.475,8.066,0,6,18,24,14,4,3,1,0
30,1,14,4,3,1,2.5,2.7142857142857144,64.238,13.165,6.054,45.019,6.516,0,10,24,22,7,4,3,0,0
37,1,18,6,2,0,3.5,3.0476190476190474,64.225,17.534,5.262,41.429,8.715,0,6,16,23,10,4,3,1,0
30,1,12,12,1,0,2.5,2.742857142857143,64.148,10.848,12.73,40.57,6.39,0,9,27,17,10,4,3,0,0
29,1,10,10,3,0,2.5,2.732394366197183,64.134,8.816,11.788,43.53,6.06,0,10,26,18,10,4,3,0,0
36,0,8,6,2,1,3.5,3.0625,64.106,6.01,6.173,51.923,8.451,0,6,18,20,11,5,3,1,0
30,3,6,14,1,0,2.5,2.8285714285714287,64.065,6.031,15.705,42.329,6.426,0,9,28,12,11,7,3,0,0
29,2,16,8,3,0,2.5,2.6338028169014085,64.064,15.989,8.873,39.202,4.344,0,9,27,23,7,3,2,0,0
41,1,6,6,3,1,3.0,2.847457627118644,64.046,4.928,8.121,50.997,7.576,0,7,18,21,7,3,2,1,0
38,1,6,12,1,0,3.5,3.161290322580645,64.018,4.729,12.087,47.202,8.61,0,6,17,15,14,6,3,1,0
37,2,8,12,2,0,2.5,2.7142857142857144,64.018,8.399,14.897,40.722,4.542,0,8,26,13,10,4,2,0,0
29,2,6,14,0,1,2.5,2.8309859154929575,63.972,5.153,16.287,42.532,6.522,0,10,27,12,12,7,3,0,0
38,2,18,4,0,1,3.5,3.096774193548387,63.951,18.083,3.208,42.66,8.348,0,6,14,23,11,4,3,1,0
41,2,4,10,2,1,2.5,2.6610169491525424,63.938,4.257,14.143,45.538,5.118,0,8,26,10,10,3,2,0,0
37,1,12,8,0,1,3.0,2.9206349206349205,63.852,11.098,7.579,45.175,6.801,0,6,17,26,8,3,2,1,0
33,2,6,10,2,0,3.5,3.0597014925373136,63.827,5.084,10.366,48.377,8.273,0,7,19,18,14,5,3,1,0
34,0,18,4,3,0,3.0,2.9545454545454546,63.823,17.048,4.693,42.082,6.139,0,5,16,32,7,3,2,1,0
40,3,10,4,3,1,2.5,2.6166666666666667,63.775,11.965,7.095,44.715,5.298,0,8,25,16,6,3,2,0,0
36,3,2,12,2,0,3.0,2.984375,63.765,3.048,13.695,47.022,6.615,0,7,18,20,11,5,2,1,0
40,2,8,10,3,0,3.0,2.85,63.744,8.175,12.823,42.746,4.614,0,6,18,22,9,3,2,0,0
41,3,18,4,0,1,3.5,3.0508474576271185,63.739,19.49,3.468,40.781,6.933,0,5,15,22,10,4,2,1,0
31,3,8,10,2,0,3.5,3.0434782608695654,63.685,7.467,9.717,46.501,8.011,0,7,20,19,14,5,3,1,0
42,0,6,4,3,1,3.5,3.1379310344827585,63.651,4.318,6.106,53.227,9.185,0,5,15,19,10,5,3,1,0
30,1,14,4,2,1,3.5,3.1,63.65,11.184,4.552,47.914,10.032,0,7,16,26,11,5,4,1,0
35,3,6,14,0,0,3.0,3.0,63.634,5.952,15.132,42.55,6.332,0,7,19,19,11,6,2,1,0
32,0,18,0,2,1,3.0,3.088235294117647,63.579,15.353,2.439,45.787,8.086,0,5,14,32,9,4,3,1,0
41,0,8,4,3,1,3.0,2.9152542372881354,63.499,6.738,6.551,50.21,7.337,0,6,16,24,7,3,2,1,0
31,3,14,6,1,1,3.5,3.028985507246377,63.485,12.582,4.832,46.071,8.35,0,6,19,25,10,5,3,1,0
33,2,16,12,0,0,2.5,2.746268656716418,63.468,16.012,12.423,35.033,4.14,0,8,24,20,9,4,2,0,0
40,3,4,8,2,1,3.0,2.8666666666666667,63.416,4.549,9.859,49.008,7.576,0,7,19,19,9,3,2,1,0
28,0,16,8,2,0,3.0,2.9722222222222223,63.366,13.256,7.185,42.925,7.901,0,6,19,31,8,4,3,1,0
28,2,16,4,2,1,3.5,3.0416666666666665,63.288,12.979,4.529,45.78,8.256,0,7,17,28,11,5,3,1,0
29,3,10,10,2,0,3.0,2.943661971830986,63.235,9.368,10.021,43.846,7.807,0,7,21,25,10,4,3,1,0
33,0,16,2,2,1,2.5,2.791044776119403,63.217,14.802,3.66,44.755,6.342,0,8,22,23,7,4,3,0,0
42,3,18,4,0,1,3.0,2.8620689655172415,63.092,21.092,3.728,38.272,4.686,0,5,15,27,7,2,2,0,0
37,3,18,0,1,1,3.5,3.142857142857143,63.065,17.659,1.616,43.79,8.35,0,5,14,24,12,4,3,1,0
32,1,16,6,3,0,3.0,2.8529411764705883,63.01,14.326,5.91,42.774,6.459,0,7,18,31,6,3,2,1,0
39,0,10,4,3,1,2.5,2.622950819672131,63.004,9.841,6.8,46.363,4.95,0,8,25,17,6,3,2,0,0
29,2,8,14,0,0,3.0,3.0704225352112675,62.975,6.763,13.854,42.358,8.106,0,7,19,23,11,7,3,1,0
30,3,16,12,0,0,2.5,2.742857142857143,62.924,15.778,11.413,35.733,4.086,0,8,26,20,10,4,2,0,0
32,2,14,6,1,1,3.0,2.8676470588235294,62.844,13.042,5.002,44.8,6.51,0,7,20,27,7,4,2,1,0
31,3,4,10,3,0,3.0,2.971014492753623,62.82,4.166,11.035,47.619,7.968,0,7,20,23,11,4,3,1,0
33,3,6,6,2,1,3.5,3.0597014925373136,62.749,5.35,5.853,51.546,10.3,0,7,20,18,12,5,4,1,0
34,3,6,10,2,0,3.5,3.0454545454545454,62.743,6.025,10.112,46.606,8.273,0,7,20,16,14,5,3,1,0
38,0,12,0,3,1,3.5,3.1774193548387095,62.693,9.715,3.406,49.572,8.402,0,5,13,24,11,5,3,1,0
34,2,16,12,0,0,2.5,2.742424242424242,62.68,15.863,12.311,34.506,4.206,0,8,24,19,9,4,2,0,0
40,1,8,10,2,0,3.5,3.066666666666667,62.671,6.605,10.545,45.521,8.763,0,6,17,17,12,4,3,1,0
32,1,8,8,2,1,2.5,2.6911764705882355,62.662,6.794,9.001,46.867,6.498,0,10,27,15,9,4,3,0,0
42,2,18,0,1,1,3.0,2.9482758620689653,62.648,19.655,1.896,41.097,4.59,0,5,13,27,8,3,2,0,0
40,0,2,12,1,1,2.5,2.8,62.6,1.43,14.943,46.227,7.404,0,8,24,10,11,4,3,0,0
29,0,10,4,3,1,3.5,3.140845070422535,62.56,7.154,5.262,50.144,10.115,0,7,17,23,13,6,4,1,0
34,0,2,8,2,1,3.5,3.196969696969697,62.558,1.178,8.275,53.105,9.949,0,7,16,17,15,6,4,1,0
30,0,16,6,3,0,3.0,2.9,62.524,13.729,5.45,43.345,5.936,0,6,19,32,6,4,2,1,0
38,0,16,12,0,0,2.5,2.8225806451612905,62.508,15.292,12.239,34.977,4.386,0,6,22,19,9,4,2,0,0
38,2,10,8,0,1,3.5,3.096774193548387,62.5,8.958,7.046,46.496,8.348,0,6,17,18,12,5,3,1,0
28,3,8,12,1,0,3.5,3.125,62.49,7.267,11.13,44.093,9.035,0,7,20,19,15,6,4,1,0
42,0,12,6,2,1,2.5,2.6379310344827585,62.437,12.841,7.466,42.13,5.04,0,7,24,17,5,3,2,0,0
28,3,2,12,3,0,3.5,3.1944444444444446,62.297,2.636,13.197,46.464,9.398,0,7,18,19,16,7,4,1,0
38,1,16,4,0,1,3.5,3.0806451612903225,62.29,14.382,3.259,44.649,8.297,0,6,14,24,10,4,3,1,0
37,0,12,10,2,0,2.5,2.7142857142857144,62.284,11.283,11.385,39.616,4.434,0,7,25,17,9,3,2,0,0
30,1,4,8,3,1,2.5,2.6857142857142855,62.261,2.849,10.44,48.972,6.594,0,11,27,15,10,4,3,0,0
35,3,16,6,3,0,3.0,2.7846153846153845,62.252,16.584,6.427,39.241,4.386,0,6,19,30,5,3,2,0,0
30,2,6,12,2,0,2.5,2.742857142857143,62.2,5.319,13.541,43.34,6.144,0,10,28,13,11,5,3,0,0
36,0,16,8,1,0,3.5,3.0625,62.187,13.517,6.553,42.117,8.106,0,5,17,24,10,4,3,1,0
29,0,14,4,2,1,3.5,3.1690140845070425,62.109,10.496,4.328,47.285,9.475,0,6,16,26,12,6,4,1,0
29,2,16,8,1,0,3.5,3.056338028169014,62.008,13.358,6.059,42.591,7.322,0,6,18,27,11,5,3,1,0
41,1,6,12,0,1,2.5,2.7457627118644066,61.94,5.147,14.611,42.182,4.92,0,8,24,10,11,4,2,0,0
36,1,4,10,3,0,2.5,2.75,61.935,3.222,12.062,46.651,6.588,0,9,25,13,10,4,3,0,0
29,3,16,8,0,1,2.5,2.6338028169014085,61.9,16.127,7.095,38.678,4.164,0,9,28,21,8,3,2,0,0
33,3,6,12,1,0,3.0,2.9402985074626864,61.847,5.739,11.968,44.14,6.462,0,7,21,20,11,5,2,1,0
35,1,2,14,0,0,3.0,3.1538461538461537,61.84,1.52,14.221,46.099,7.725,0,7,15,20,12,7,3,1,0
33,0,6,4,3,1,3.5,3.1492537313432836,61.751,3.737,5.32,52.694,10.049,0,7,17,19,13,6,4,1,0
35,3,2,8,2,1,3.0,2.9846153846153847,61.623,2.805,8.685,50.133,8.727,0,7,18,22,10,4,3,1,0
33,1,4,10,2,0,3.5,3.1791044776119404,61.616,2.667,9.375,49.574,9.235,0,7,17,17,15,6,4,1,0
32,0,12,8,0,1,3.0,3.0,61.601,9.565,6.866,45.17,8.243,0,6,18,27,9,4,3,1,0
31,2,10,14,0,0,2.5,2.753623188405797,61.585,9.499,14.56,37.526,4.128,0,9,27,15,10,6,2,0,0
31,3,4,10,2,0,3.5,3.1449275362318843,61.41,3.971,9.54,47.899,9.38,0,7,19,17,15,6,4,1,0
39,0,16,10,1,0,2.5,2.7540983606557377,61.399,16.04,10.117,35.242,4.422,0,6,23,19,8,3,2,0,0
32,2,14,8,2,0,3.0,2.8676470588235294,61.38,12.798,7.385,41.197,6.036,0,7,19,28,8,3,2,1,0
35,1,14,0,2,1,3.5,3.1384615384615384,61.316,11.206,2.424,47.686,8.125,0,6,13,26,11,5,3,1,0
31,2,2,10,3,0,3.0,2.971014492753623,61.265,2.173,11.104,47.988,7.836,0,8,18,24,11,4,3,1,0
32,1,18,8,0,0,3.5,3.1176470588235294,61.257,15.167,5.476,40.614,7.301,0,6,16,24,13,5,3,1,0
41,0,2,8,2,1,3.0,3.0338983050847457,61.25,1.252,8.946,51.052,9.397,0,6,16,20,9,4,3,1,0
28,0,8,12,0,1,3.0,3.0416666666666665,61.248,5.588,12.067,43.593,7.954,0,7,19,24,13,5,3,1,0
34,3,2,12,0,1,3.0,3.0757575757575757,61.221,2.685,12.281,46.255,8.223,0,7,17,20,13,5,3,1,0
40,3,10,6,2,1,2.5,2.6,61.189,11.761,7.39,42.038,4.626,0,8,26,15,6,3,2,0,0
33,0,12,6,3,0,3.0,2.9402985074626864,61.169,9.875,5.727,45.567,8.065,0,6,19,28,6,4,3,1,0
33,0,4,12,1,0,3.0,3.029850746268657,61.151,2.458,11.62,47.073,7.717,0,7,19,20,12,5,3,1,0
39,3,12,10,1,0,3.5,3.0163934426229506,61.1,11.953,9.512,39.635,6.223,0,5,18,20,11,4,2,1,0
42,2,16,6,3,0,3.5,2.8793103448275863,61.097,16.897,6.662,37.538,4.608,0,5,16,25,7,3,2,0,0
34,0,12,10,1,0,3.0,2.9393939393939394,61.056,10.028,8.816,42.212,6.313,0,6,18,26,10,3,2,1,0
37,1,8,14,0,0,2.5,2.7936507936507935,60.964,6.974,15.565,38.425,4.308,0,8,25,12,10,6,2,0,0
32,2,8,2,3,1,3.5,3.1470588235294117,60.944,6.342,4.117,50.485,9.372,0,7,16,22,12,6,4,1,0
33,0,4,12,1,0,3.0,3.029850746268657,60.916,2.494,11.619,46.803,7.888,0,7,19,20,12,5,3,1,0
42,3,2,12,2,0,3.0,2.9827586206896552,60.817,3.203,14.138,43.476,6.72,0,6,17,18,10,4,2,1,0
28,3,14,10,0,1,2.5,2.7083333333333335,60.784,13.439,9.443,37.902,6.21,0,9,28,19,10,3,3,0,0
28,2,18,4,3,0,2.5,2.736111111111111,60.723,16.983,4.601,39.139,5.76,0,9,25,24,7,4,3,0,0
41,0,6,10,0,1,3.0,2.9661016949152543,60.643,4.275,10.435,45.933,6.968,0,6,17,19,11,3,2,1,0
31,3,2,8,3,1,2.5,2.6666666666666665,60.601,2.831,10.329,47.441,6.348,0,10,29,14,9,4,3,0,0
33,3,18,2,3,0,3.0,2.925373134328358,60.597,17.526,3.2,39.871,6.065,0,6,16,32,7,3,2,1,0
34,0,12,4,1,1,3.5,3.1363636363636362,60.573,9.295,3.462,47.816,9.375,0,6,16,23,11,5,4,1,0
32,1,8,6,1,1,3.5,3.1029411764705883,60.56,5.755,4.738,50.067,9.452,0,7,19,19,12,6,4,1,0
40,2,2,8,2,1,3.0,2.933333333333333,60.547,2.209,9.089,49.249,6.926,0,7,17,20,9,4,2,1,0
42,0,6,10,1,1,2.5,2.689655172413793,60.478,4.953,12.391,43.134,4.68,0,7,26,10,10,3,2,0,0
33,2,16,6,3,0,2.5,2.611940298507463,60.468,15.858,6.413,38.197,4.17,0,8,27,22,5,3,2,0,0
31,3,6,6,2,1,3.5,3.072463768115942,60.459,5.124,5.593,49.742,9.057,0,7,21,18,12,6,4,1,0
42,3,6,2,3,1,3.5,3.103448275862069,60.45,5.809,4.729,49.912,8.829,0,6,15,18,10,5,3,1,0
36,1,4,10,0,1,3.0,3.03125,60.394,2.645,9.494,48.255,8.302,0,7,17,20,12,4,3,1,0
36,3,8,12,0,0,3.5,3.140625,60.373,7.253,10.508,42.612,7.583,0,6,18,16,14,6,3,1,0
37,0,8,6,2,1,2.5,2.7142857142857144,60.368,6.701,6.545,47.122,6.666,0,8,26,15,7,4,3,0,0
29,0,12,8,2,0,3.0,2.9859154929577465,60.358,9.378,6.885,44.095,7.915,0,6,19,29,9,4,3,1,0
38,0,12,2,2,1,3.0,2.967741935483871,60.246,9.965,3.616,46.665,6.491,0,6,15,27,7,4,2,1,0
39,0,2,10,0,1,3.5,3.2459016393442623,60.204,1.192,9.122,49.89,9.941,0,6,14,16,15,5,4,1,0
33,3,14,2,2,1,2.5,2.716417910447761,60.194,13.915,3.748,42.531,6.162,0,9,24,21,6,4,3,0,0
31,2,16,4,1,1,2.5,2.710144927536232,60.176,15.04,3.599,41.537,6.39,0,9,25,22,6,4,3,0,0
42,3,6,14,0,0,3.0,2.9655172413793105,60.11,6.344,15.765,38.001,4.362,0,6,18,16,10,6,2,0,0
36,3,10,0,3,1,2.5,2.734375,60.041,10.067,3.941,46.033,6.51,0,9,23,18,7,4,3,0,0
33,1,16,10,0,0,3.0,2.9402985074626864,60.03,13.551,8.113,38.366,5.887,0,6,17,29,9,3,2,1,0
28,3,10,10,0,1,3.0,2.986111111111111,59.934,8.694,9.133,42.107,7.668,0,7,20,25,12,4,3,1,0
30,2,14,6,0,1,3.5,3.0285714285714285,59.93,11.405,4.074,44.451,7.475,0,7,18,25,11,5,3,1,0
39,3,14,4,1,1,2.5,2.639344262295082,59.909,15.436,4.389,40.084,4.44,0,8,24,18,6,3,2,0,0
33,0,6,8,2,0,3.5,3.1492537313432836,59.813,3.827,6.894,49.092,9.062,0,6,19,18,13,6,4,1,0
30,0,2,14,1,0,2.5,2.857142857142857,59.778,1.332,14.831,43.615,5.814,0,10,25,13,12,7,3,0,0
28,3,16,6,3,0,2.5,2.625,59.767,15.517,5.944,38.306,6.078,0,9,29,23,5,3,3,0,0
36,1,6,12,0,0,3.5,3.140625,59.762,4.291,10.984,44.487,7.826,0,7,17,15,15,6,3,1,0
42,0,16,12,0,0,2.5,2.7758620689655173,59.706,16.347,12.891,30.468,4.584,0,6,21,18,8,3,2,0,0
35,2,4,6,3,1,2.5,2.646153846153846,59.661,3.673,7.568,48.42,6.498,0,10,27,14,7,4,3,0,0
34,1,14,6,2,0,3.5,3.0454545454545454,59.644,11.288,4.65,43.706,7.713,0,6,17,25,9,5,3,1,0
41,0,2,6,2,1,3.5,3.169491525423729,59.615,1.244,5.879,52.492,10.421,0,6,15,17,11,5,4,1,0
33,2,10,12,0,0,3.0,2.955223880597015,59.585,8.61,10.59,40.385,6.075,0,7,18,24,11,4,2,1,0
31,2,2,8,3,0,3.5,3.130434782608696,59.521,2.037,7.906,49.578,8.731,0,8,17,19,14,6,4,1,0
41,0,6,6,2,1,3.0,2.8983050847457625,59.497,4.366,6.299,48.832,6.918,0,6,19,20,7,4,2,1,0
39,0,4,12,2,0,2.5,2.7049180327868854,59.475,2.818,14.539,42.118,4.224,0,8,26,11,10,4,2,0,0
29,3,2,12,1,1,2.5,2.7464788732394365,59.451,2.746,13.461,43.244,5.814,0,10,29,12,12,5,3,0,0
31,2,2,12,2,0,2.5,2.753623188405797,59.355,2.298,13.166,43.891,5.748,0,10,27,13,11,5,3,0,0
30,2,4,12,1,0,3.0,2.9857142857142858,59.34,3.324,11.624,44.392,7.498,0,8,20,21,12,5,3,1,0
32,3,10,2,2,1,3.5,3.1470588235294117,59.323,8.234,3.185,47.904,9.1,0,7,16,22,12,6,4,1,0
31,1,12,0,3,1,3.0,3.0,59.284,9.345,3.168,46.771,7.78,0,7,15,31,8,4,3,1,0
32,3,8,6,1,1,3.5,3.0588235294117645,59.182,7.022,4.569,47.591,9.264,0,7,20,19,12,5,4,1,0
35,3,6,14,0,0,2.5,2.7384615384615385,59.163,6.033,14.878,38.252,4.116,0,9,27,11,10,6,2,0,0
29,2,8,8,2,0,3.5,3.0985915492957745,59.153,6.285,6.993,45.875,8.462,0,7,20,20,13,6,4,1,0
39,2,6,4,3,1,2.5,2.6721311475409837,59.13,5.754,6.408,46.968,6.828,0,9,25,14,6,4,3,0,0
28,3,2,12,1,1,2.5,2.763888888888889,59.111,2.65,13.072,43.389,6.042,0,11,27,13,13,5,3,0,0
34,0,10,4,3,0,3.5,3.1363636363636362,59.107,7.34,4.2,47.567,9.097,0,6,16,23,11,5,4,1,0
30,3,8,4,3,1,2.5,2.642857142857143,59.096,7.56,6.015,45.521,5.928,0,10,29,17,7,4,3,0,0
33,2,18,0,3,0,3.0,2.985074626865672,59.073,16.058,2.167,40.848,5.775,0,6,15,31,8,4,2,1,0
28,3,16,10,0,0,3.0,2.9027777777777777,58.869,13.983,7.538,37.348,5.518,0,7,19,30,10,3,2,1,0
36,3,12,4,3,0,3.5,3.046875,58.856,11.009,4.398,43.449,8.055,0,6,17,23,9,5,3,1,0
33,2,2,4,3,1,3.5,3.1492537313432836,58.83,2.018,5.189,51.623,8.966,0,8,15,20,13,6,4,1,0
36,3,16,4,2,0,3.5,3.0,58.751,14.632,3.6,40.519,7.68,0,6,17,25,8,4,3,1,0
34,2,12,0,2,1,3.0,3.0303030303030303,58.676,9.903,2.464,46.309,7.581,0,6,15,29,8,4,3,1,0
40,3,10,6,1,1,3.0,2.8333333333333335,58.659,10.102,5.396,43.161,6.647,0,6,20,22,6,3,2,1,0
34,2,4,10,1,0,3.5,3.1363636363636362,58.622,3.252,8.33,47.04,9.206,0,7,18,16,15,5,4,1,0
32,1,8,6,2,1,2.5,2.6470588235294117,58.62,6.653,6.128,45.839,6.3,0,10,28,16,7,4,3,0,0
30,2,2,14,1,0,2.5,2.8142857142857145,58.612,2.154,14.693,41.765,5.52,0,10,27,12,11,7,3,0,0
36,2,10,8,2,0,3.0,2.859375,58.535,9.17,7.505,41.86,6.249,0,7,19,24,8,3,2,1,0
35,3,16,10,0,0,3.0,2.8615384615384616,58.458,15.002,8.179,35.277,3.936,0,6,18,27,9,3,2,0,0
41,2,16,6,2,0,3.5,2.9661016949152543,58.45,15.283,5.174,37.993,6.431,0,5,17,23,7,4,2,1,0
36,2,14,10,1,0,2.5,2.671875,58.444,13.842,9.82,34.782,4.296,0,8,25,18,8,3,2,0,0
38,0,10,6,1,1,2.5,2.6451612903225805,58.44,8.821,5.544,44.075,6.666,0,8,27,15,6,3,3,0,0
29,0,12,0,3,1,3.5,3.211267605633803,58.427,8.334,3.09,47.003,8.802,0,6,14,27,13,6,4,1,0
29,3,2,10,1,1,3.5,3.1549295774647885,58.382,2.565,9.346,46.471,9.123,0,8,18,17,17,6,4,1,0
34,0,2,8,1,1,3.5,3.196969696969697,58.361,1.09,6.739,50.532,8.932,0,7,16,17,15,6,4,1,0
31,2,16,4,2,0,3.5,3.028985507246377,58.357,13.027,3.293,42.037,7.156,0,7,17,26,10,5,3,1,0
38,1,16,4,2,0,3.5,3.032258064516129,58.261,13.836,3.648,40.777,7.894,0,6,15,25,8,4,3,1,0
36,3,16,4,3,0,3.0,2.8125,58.249,15.501,4.526,38.222,4.08,0,6,17,31,5,3,2,0,0
40,1,2,4,2,1,3.5,3.216666666666667,58.248,1.446,4.67,52.132,9.668,0,7,13,17,12,6,4,1,0
39,3,6,8,1,1,2.5,2.5737704918032787,58.096,6.552,8.892,42.652,4.8,0,9,28,11,8,3,2,0,0
31,2,4,14,0,0,2.5,2.8260869565217392,58.082,3.471,14.129,40.482,5.448,0,10,26,12,11,7,3,0,0
32,2,12,2,1,1,3.5,3.161764705882353,57.986,9.266,2.362,46.358,8.448,0,7,15,23,12,6,4,1,0
34,1,10,10,0,0,3.5,3.090909090909091,57.959,7.604,7.891,42.464,7.324,0,7,17,19,14,5,3,1,0
42,3,14,8,2,0,3.5,2.896551724137931,57.827,14.433,8.034,35.36,4.23,0,5,17,22,9,3,2,0,0
31,2,12,6,0,1,3.5,3.072463768115942,57.82,9.519,3.888,44.413,8.785,0,7,18,23,11,5,4,1,0
42,0,6,10,2,0,3.0,2.9482758620689653,57.803,4.422,10.341,43.04,6.563,0,5,18,20,9,3,2,1,0
35,3,14,4,0,1,3.5,3.076923076923077,57.701,12.228,2.952,42.521,7.733,0,6,16,24,10,5,3,1,0
36,0,6,4,1,1,3.5,3.171875,57.574,3.714,3.576,50.284,9.059,0,6,17,18,12,6,4,1,0
40,2,14,10,0,0,3.5,3.05,57.532,12.71,8.369,36.453,5.933,0,5,16,21,11,4,2,1,0
33,1,6,8,0,1,3.0,2.9402985074626864,57.469,4.031,6.708,46.73,7.685,0,8,19,22,10,4,3,1,0
41,0,16,4,2,0,3.5,3.0847457627118646,57.447,13.539,3.57,40.338,8.245,0,5,14,24,8,4,3,1,0
38,3,10,8,2,0,3.0,2.8548387096774195,57.432,9.836,7.634,39.962,6.106,0,6,20,23,7,3,2,1,0
39,2,10,8,0,1,2.5,2.639344262295082,57.346,9.963,7.803,39.58,4.368,0,8,26,14,8,3,2,0,0
34,0,14,0,3,0,3.5,3.212121212121212,57.303,10.166,2.098,45.039,8.744,0,5,13,27,11,5,4,1,0
38,3,10,0,3,1,2.5,2.7419354838709675,57.264,10.099,3.738,43.427,6.048,0,8,23,18,6,4,3,0,0
33,2,18,0,0,1,3.0,3.0597014925373136,57.263,14.979,0.928,41.356,7.488,0,6,14,30,9,4,3,1,0
40,3,14,2,2,1,2.5,2.6666666666666665,57.209,14.965,3.706,38.538,4.356,0,8,22,19,6,3,2,0,0
31,1,8,0,3,1,3.0,3.028985507246377,57.206,5.698,3.334,48.174,6.911,0,7,16,28,9,5,3,1,0
31,2,10,10,0,0,3.5,3.072463768115942,57.13,8.027,7.427,41.676,6.833,0,7,18,21,14,5,3,1,0
34,0,8,8,1,0,3.5,3.1363636363636362,57.129,5.547,5.794,45.788,9.189,0,6,18,19,13,5,4,1,0
34,2,6,8,2,0,3.0,2.9393939393939394,57.125,4.818,7.008,45.299,7.49,0,7,20,22,9,4,3,1,0
36,2,2,4,2,1,3.5,3.15625,57.113,1.939,4.388,50.786,9.031,0,8,15,17,13,6,4,1,0
34,1,12,2,2,1,2.5,2.712121212121212,56.999,10.429,3.418,43.152,5.844,0,10,23,19,7,4,3,0,0
38,1,6,6,3,0,3.5,3.0161290322580645,56.936,4.222,5.551,47.163,7.619,0,7,18,18,10,5,3,1,0
42,3,14,8,2,0,3.0,2.793103448275862,56.934,14.537,8.307,34.09,4.248,0,5,18,25,6,2,2,0,0
39,0,14,4,3,0,3.0,2.918032786885246,56.932,11.873,4.518,40.541,6.024,0,5,16,29,5,3,2,1,0
41,3,4,10,2,0,3.0,2.8983050847457625,56.924,4.349,10.226,42.349,6.072,0,6,19,19,9,3,2,1,0
30,2,12,0,3,1,2.5,2.7142857142857144,56.895,10.602,3.433,42.86,5.562,0,9,26,21,7,4,3,0,0
35,2,12,0,2,1,2.5,2.7384615384615385,56.856,10.92,2.663,43.273,5.724,0,9,23,19,7,4,3,0,0
37,3,2,8,2,0,3.5,3.111111111111111,56.842,2.582,7.027,47.233,9.317,0,7,17,17,12,5,4,1,0
35,1,2,10,1,0,3.5,3.2,56.706,1.466,8.04,47.2,8.696,0,7,16,16,15,6,4,1,0
41,2,12,2,2,1,2.5,2.6440677966101696,56.701,12.377,3.931,40.393,4.416,0,8,23,17,6,3,2,0,0
32,3,14,2,1,1,3.0,2.9558823529411766,56.612,11.952,2.292,42.368,7.564,0,7,17,29,7,4,3,1,0
35,3,16,2,0,1,3.0,2.9076923076923076,56.592,14.179,1.902,40.511,5.919,0,7,15,30,7,3,2,1,0
28,0,4,6,3,1,3.0,2.9444444444444446,56.566,2.236,6.476,47.854,7.389,0,8,20,26,9,5,3,1,0
37,2,6,8,0,1,3.0,2.9523809523809526,56.566,4.758,6.777,45.031,7.737,0,7,19,20,9,4,3,1,0
29,1,4,4,3,1,3.0,2.943661971830986,56.538,2.561,5.317,48.66,6.983,0,9,18,26,9,5,3,1,0
35,3,4,12,1,0,2.5,2.753846153846154,56.527,4.263,11.856,40.408,5.982,0,9,27,11,10,5,3,0,0
34,2,18,0,0,1,2.5,2.8181818181818183,56.507,16.503,1.004,39.0,5.652,0,8,21,22,8,4,3,0,0
28,0,8,10,1,0,3.0,2.9722222222222223,56.433,5.68,8.388,42.365,6.873,0,7,20,26,11,4,3,1,0
38,1,4,14,0,0,2.5,2.7580645161290325,56.386,3.056,14.833,38.497,4.128,0,9,25,10,10,6,2,0,0
34,0,12,2,3,0,3.0,3.015151515151515,56.375,8.944,3.068,44.363,7.534,0,6,15,30,7,4,3,1,0
39,3,4,6,2,1,2.5,2.639344262295082,56.369,4.414,6.648,45.307,6.546,0,9,27,12,6,4,3,0,0
33,0,12,4,0,1,3.5,3.1940298507462686,56.342,8.271,2.734,45.337,8.356,0,6,15,23,12,6,4,1,0
36,2,12,10,0,0,3.0,2.921875,56.321,10.412,8.17,37.739,5.869,0,6,18,25,9,3,2,1,0
42,3,16,2,1,1,2.5,2.6551724137931036,56.318,17.496,2.891,35.931,4.65,0,8,21,19,5,3,2,0,0
34,0,4,2,2,1,3.5,3.1818181818181817,56.286,2.052,3.225,51.009,8.436,0,7,15,20,13,6,4,1,0
32,2,10,8,2,0,2.5,2.7058823529411766,56.279,8.75,7.112,40.417,5.502,0,9,27,17,8,4,3,0,0
28,0,2,8,2,1,3.5,3.2083333333333335,56.197,1.092,7.644,47.461,8.463,0,7,17,20,16,7,4,1,0
30,1,2,8,3,0,3.0,2.9857142857142858,56.128,1.425,7.721,46.982,6.685,0,8,18,25,10,5,3,1,0
34,3,18,4,1,0,3.5,3.0454545454545454,56.122,15.488,2.408,38.226,7.022,0,6,17,24,11,4,3,1,0
39,2,10,4,1,1,3.0,2.8688524590163933,56.045,9.047,3.807,43.191,6.141,0,7,17,24,7,3,2,1,0
39,3,8,0,2,1,3.5,3.1147540983606556,56.042,6.931,2.51,46.601,7.544,0,6,15,20,11,5,3,1,0
35,1,8,4,3,0,3.0,2.953846153846154,56.04,5.928,4.382,45.73,7.262,0,7,17,26,7,4,3,1,0
29,1,4,8,1,1,3.0,2.971830985915493,56.039,2.515,7.202,46.322,6.818,0,8,20,23,11,5,3,1,0
34,3,8,4,3,0,3.0,2.9242424242424243,56.028,7.087,4.363,44.578,7.251,0,7,19,25,7,4,3,1,0
28,2,18,0,1,1,2.5,2.7777777777777777,55.962,15.611,1.502,38.849,5.094,0,9,24,23,9,4,3,0,0
39,0,4,10,2,0,2.5,2.7540983606557377,55.805,2.608,10.324,42.873,6.228,0,8,25,12,9,4,3,0,0
34,0,2,4,2,1,3.5,3.1818181818181817,55.799,1.064,4.175,50.56,8.099,0,7,15,20,13,6,4,1,0
32,1,16,0,1,1,2.5,2.764705882352941,55.782,13.113,1.546,41.123,5.466,0,9,22,23,7,4,3,0,0
28,3,4,12,0,0,3.5,3.1666666666666665,55.723,3.611,9.862,42.25,7.581,0,8,19,16,17,7,4,1,0
36,1,12,4,2,0,3.5,3.046875,55.722,9.265,3.389,43.068,7.038,0,7,16,22,10,5,3,1,0
32,3,18,0,0,1,2.5,2.823529411764706,55.714,16.504,1.016,38.194,5.484,0,8,22,22,9,4,3,0,0
41,1,12,6,0,1,3.0,2.8813559322033897,55.713,10.476,4.438,40.799,6.438,0,6,17,24,6,3,2,1,0
31,0,10,10,0,0,3.0,3.028985507246377,55.65,7.157,7.415,41.078,6.535,0,6,18,26,11,4,3,1,0
28,0,6,8,1,1,3.0,2.986111111111111,55.649,3.546,6.887,45.216,7.012,0,7,21,24,11,5,3,1,0
40,0,2,8,2,0,3.5,3.183333333333333,55.626,1.182,6.825,47.619,9.258,0,6,15,17,12,5,4,1,0
29,2,14,0,2,1,3.0,2.9859154929577465,55.57,11.097,2.153,42.32,6.731,0,7,16,32,8,4,3,1,0
30,3,16,2,2,0,3.5,3.0428571428571427,55.536,12.734,2.146,40.656,6.634,0,7,16,28,10,5,3,1,0
36,1,18,2,3,0,2.5,2.703125,55.521,16.608,3.366,35.547,3.642,0,8,22,22,7,3,2,0,0
33,3,14,2,3,0,3.0,2.8955223880597014,55.484,12.292,3.057,40.135,5.414,0,7,17,30,6,4,2,1,0
40,3,6,2,3,1,2.5,2.683333333333333,55.461,6.032,4.801,44.628,6.192,0,9,24,14,6,4,3,0,0
32,0,6,0,3,1,3.0,3.0294117647058822,55.461,3.531,3.314,48.616,6.897,0,7,16,27,9,5,3,1,0
34,0,18,2,0,1,2.5,2.8181818181818183,55.455,15.366,1.716,38.373,5.448,0,8,21,22,8,4,3,0,0
33,3,10,0,3,0,3.5,3.1641791044776117,55.392,8.192,2.146,45.054,8.203,0,6,16,23,11,6,4,1,0
28,3,4,8,2,1,2.5,2.6527777777777777,55.39,3.937,8.332,43.121,5.754,0,11,30,14,10,4,3,0,0
37,3,18,0,0,1,2.5,2.7301587301587302,55.377,18.149,0.94,36.288,3.834,0,8,21,21,8,3,2,0,0
40,0,12,0,3,0,3.5,3.1666666666666665,55.333,9.032,2.274,44.027,7.124,0,5,13,23,10,5,3,1,0
29,0,18,6,0,0,3.5,3.084507042253521,55.312,13.16,2.712,39.44,6.577,0,6,17,27,12,5,3,1,0
36,3,4,0,3,1,3.0,2.984375,55.267,3.564,3.352,48.351,7.412,0,7,16,25,8,4,3,1,0
41,0,18,0,2,0,3.5,3.1864406779661016,55.215,14.766,1.414,39.035,7.363,0,4,12,25,10,4,3,1,0
30,2,14,2,1,1,3.0,2.942857142857143,55.195,10.902,2.218,42.075,7.055,0,8,17,29,8,4,3,1,0
32,0,6,2,2,1,3.5,3.161764705882353,55.14,3.51,2.978,48.652,8.041,0,7,16,21,13,6,4,1,0
30,3,18,0,0,1,3.0,3.057142857142857,55.138,14.505,0.908,39.725,6.662,0,6,15,31,10,4,3,1,0
39,0,8,6,0,1,3.0,2.9672131147540983,55.122,5.606,4.385,45.131,7.841,0,6,18,22,7,4,3,1,0
42,2,12,2,1,1,3.0,2.913793103448276,55.114,10.846,2.638,41.63,6.088,0,6,15,25,6,3,2,1,0
38,3,8,2,2,1,2.5,2.7096774193548385,55.092,7.947,3.7,43.445,5.934,0,9,24,15,7,4,3,0,0
31,2,4,6,3,0,3.0,2.8840579710144927,55.083,3.22,5.573,46.29,6.882,0,8,20,26,7,4,3,1,0
41,1,2,10,1,0,3.5,3.135593220338983,55.065,1.489,8.485,45.091,7.599,0,7,15,14,14,5,3,1,0
36,0,12,0,1,1,3.0,3.03125,55.036,8.929,1.58,44.527,7.249,0,6,15,27,8,4,3,1,0
40,1,16,2,3,0,3.0,2.8666666666666667,55.024,14.154,3.357,37.513,3.84,0,6,13,31,5,3,2,0,0
28,0,4,8,1,1,3.5,3.1805555555555554,54.942,2.25,6.601,46.091,7.706,0,7,19,18,16,7,4,1,0
38,3,18,0,3,0,2.5,2.7419354838709675,54.912,18.278,2.393,34.241,3.816,0,7,21,22,7,3,2,0,0
28,0,8,10,0,1,2.5,2.75,54.905,5.602,8.8,40.503,5.196,0,10,27,16,12,4,3,0,0
34,1,16,8,0,0,3.0,2.909090909090909,54.851,12.662,5.224,36.965,5.738,0,6,17,30,7,3,2,1,0
38,1,10,2,1,1,3.0,2.9838709677419355,54.821,7.664,2.436,44.721,7.524,0,7,15,25,7,4,3,1,0
36,1,18,2,1,0,3.5,3.140625,54.799,13.836,1.347,39.616,6.926,0,6,13,25,11,5,3,1,0
37,3,12,6,3,0,2.5,2.5873015873015874,54.785,12.29,6.164,36.331,4.278,0,8,27,18,5,3,2,0,0
36,3,4,12,0,0,3.0,2.96875,54.77,3.882,10.217,40.671,5.318,0,7,19,19,11,5,2,1,0
28,2,8,10,1,0,2.5,2.6805555555555554,54.758,6.663,8.713,39.382,5.382,0,10,30,15,10,4,3,0,0
35,0,2,8,3,0,2.5,2.6923076923076925,54.715,1.238,8.39,45.087,5.946,0,9,27,14,8,4,3,0,0
37,2,16,0,0,1,3.0,2.984126984126984,54.632,13.517,0.944,40.171,5.666,0,6,14,29,7,4,2,1,0
28,0,4,8,1,1,3.5,3.1805555555555554,54.629,2.176,6.642,45.811,7.984,0,7,19,18,16,7,4,1,0
32,0,6,8,0,1,2.5,2.7058823529411766,54.571,3.94,6.743,43.888,5.49,0,10,27,14,10,4,3,0,0
32,0,10,6,0,1,2.5,2.676470588235294,54.551,7.803,4.22,42.528,5.832,0,9,28,17,7,4,3,0,0
29,2,6,4,3,1,2.5,2.6338028169014085,54.538,4.776,5.47,44.292,5.502,0,11,29,16,8,4,3,0,0
42,2,2,4,2,1,3.5,3.103448275862069,54.525,2.067,4.46,47.998,7.743,0,7,14,17,11,5,3,1,0
36,0,4,10,0,0,3.5,3.234375,54.504,2.204,7.299,45.001,8.093,0,6,16,16,15,6,4,1,0
40,1,8,6,1,1,2.5,2.55,54.493,7.156,5.503,41.834,4.458,0,9,27,13,6,3,2,0,0
38,0,8,4,3,0,3.0,2.967741935483871,54.472,5.707,4.222,44.543,7.459,0,6,17,25,6,4,3,1,0
29,0,18,6,0,0,3.0,2.9859154929577465,54.459,13.432,2.832,38.195,6.578,0,6,18,31,8,4,3,1,0
38,2,2,8,0,1,3.5,3.1774193548387095,54.315,1.841,6.08,46.394,8.795,0,7,15,16,14,5,4,1,0
35,0,8,4,2,0,3.5,3.1538461538461537,54.3,5.094,3.139,46.067,8.266,0,6,17,20,11,6,4,1,0
39,2,12,6,3,0,2.5,2.6065573770491803,54.3,11.704,6.203,36.393,4.338,0,8,25,18,5,3,2,0,0
31,1,8,4,3,0,3.0,2.9130434782608696,54.296,5.63,4.16,44.506,6.52,0,8,18,28,7,4,3,1,0
31,2,14,8,1,0,2.5,2.652173913043478,54.275,12.191,6.135,35.949,5.346,0,9,28,19,7,3,3,0,0
29,3,14,6,2,0,2.5,2.676056338028169,54.275,12.411,4.564,37.3,5.322,0,9,28,21,6,4,3,0,0
34,2,4,2,3,1,2.5,2.6666666666666665,54.251,3.407,4.389,46.455,5.49,0,11,25,15,8,4,3,0,0
28,0,10,8,0,1,2.5,2.7222222222222223,54.213,7.476,6.452,40.285,5.064,0,10,27,18,10,4,3,0,0
28,0,2,8,2,0,3.5,3.236111111111111,54.19,1.07,6.588,46.532,8.89,0,7,17,20,15,7,5,1,0
35,3,12,6,0,1,2.5,2.5692307692307694,54.109,11.78,4.506,37.823,3.846,0,9,28,17,6,3,2,0,0
35,0,10,4,2,0,3.0,2.9846153846153847,54.088,7.241,3.368,43.479,7.045,0,6,17,27,7,4,3,1,0
38,0,18,4,2,0,2.5,2.725806451612903,54.086,16.24,3.68,34.166,3.882,0,7,22,21,7,3,2,0,0
34,0,8,6,2,0,3.0,2.909090909090909,54.038,5.613,4.467,43.958,7.233,0,7,20,24,7,4,3,1,0
39,2,2,8,0,1,3.0,3.0163934426229506,54.03,2.047,6.503,45.48,7.355,0,7,16,20,10,4,3,1,0
29,1,14,4,2,0,3.0,2.915492957746479,54.016,10.233,3.127,40.656,6.859,0,8,18,30,7,4,3,1,0
28,3,4,8,3,0,2.5,2.638888888888889,53.961,4.047,8.228,41.686,5.046,0,11,30,15,9,4,3,0,0
40,1,8,10,0,0,3.5,3.1333333333333333,53.956,5.819,7.657,40.48,7.396,0,6,16,16,13,5,3,1,0
35,2,2,0,2,1,3.5,3.2615384615384615,53.927,1.776,2.249,49.902,8.023,0,7,13,19,14,7,4,1,0
39,3,14,4,2,0,3.5,3.0,53.915,12.421,3.456,38.038,7.572,0,6,17,22,8,4,3,1,0
40,3,16,6,1,0,3.5,2.95,53.872,14.421,3.92,35.531,5.936,0,5,18,23,7,4,2,1,0
30,3,6,6,1,1,3.0,2.8714285714285714,53.869,5.036,4.636,44.197,6.818,0,8,22,24,8,4,3,1,0
37,1,8,4,0,1,3.5,3.142857142857143,53.829,5.544,2.817,45.468,8.427,0,7,15,19,12,5,4,1,0
31,2,2,12,0,0,3.0,3.028985507246377,53.82,1.981,9.581,42.258,6.694,0,8,17,23,12,5,3,1,0
41,1,2,4,3,0,3.5,3.169491525423729,53.816,1.449,4.252,48.115,8.863,0,7,13,18,11,5,4,1,0
32,1,2,6,2,1,2.5,2.676470588235294,53.811,1.475,5.922,46.414,5.358,0,11,27,14,8,5,3,0,0
34,0,14,6,2,0,2.5,2.6515151515151514,53.802,11.734,4.85,37.218,5.34,0,8,27,20,5,3,3,0,0
42,2,10,10,0,0,3.5,3.086206896551724,53.769,8.548,7.88,37.341,7.662,0,6,16,16,12,4,3,1,0
29,2,14,4,0,1,3.0,2.9295774647887325,53.752,10.83,2.859,40.063,6.719,0,8,18,29,8,4,3,1,0
34,0,2,8,2,0,3.0,2.984848484848485,53.744,1.206,6.69,45.848,6.735,0,7,17,25,9,4,3,1,0
31,2,10,2,1,1,3.0,2.9420289855072466,53.721,7.659,2.382,43.68,7.032,0,8,17,28,8,4,3,1,0
42,1,16,4,0,1,2.5,2.6551724137931036,53.707,15.407,3.382,34.918,3.888,0,8,21,19,5,3,2,0,0
30,2,2,12,0,0,3.0,3.0285714285714285,53.649,1.951,9.738,41.96,6.274,0,8,17,24,12,5,3,1,0
32,2,6,12,0,0,2.5,2.75,53.64,4.679,10.311,38.65,5.076,0,10,27,12,11,5,3,0,0
41,0,6,10,1,0,3.0,2.9322033898305087,53.595,4.015,8.706,40.874,5.683,0,6,18,19,10,3,2,1,0
35,3,6,2,1,1,3.5,3.1384615384615384,53.55,4.66,2.223,46.667,8.118,0,7,17,18,12,6,4,1,0
31,1,16,4,1,0,3.0,2.9420289855072466,53.517,11.682,2.402,39.433,6.876,0,7,17,31,6,4,3,1,0
37,0,2,8,3,0,2.5,2.7142857142857144,53.416,1.31,8.201,43.905,5.526,0,9,25,14,8,4,3,0,0
37,3,16,0,0,1,3.0,2.9523809523809526,53.373,13.915,0.888,38.57,5.66,0,6,14,30,7,3,2,1,0
34,3,18,6,1,0,2.5,2.6515151515151514,53.353,17.046,3.95,32.357,3.522,0,8,26,20,7,3,2,0,0
41,1,10,4,2,0,3.5,3.0847457627118646,53.33,7.534,3.526,42.27,7.267,0,6,15,20,9,5,3,1,0
33,0,8,8,0,0,3.5,3.1641791044776117,53.306,5.004,4.999,43.303,8.028,0,6,18,19,13,6,4,1,0
38,3,4,12,1,0,2.5,2.661290322580645,53.302,4.082,11.889,37.331,3.912,0,9,27,10,10,4,2,0,0
35,0,4,2,1,1,3.5,3.1846153846153844,53.242,2.152,2.36,48.73,7.977,0,7,15,19,13,6,4,1,0
36,1,10,6,0,1,2.5,2.703125,53.209,7.737,4.253,41.219,5.826,0,9,25,16,7,4,3,0,0
29,3,6,0,3,1,3.0,2.971830985915493,53.194,4.853,3.175,45.166,6.498,0,8,18,27,9,5,3,1,0
38,1,8,4,1,1,2.5,2.6774193548387095,53.183,6.281,3.791,43.111,6.024,0,10,24,14,7,4,3,0,0
32,2,10,4,3,0,2.5,2.661764705882353,53.181,8.529,4.393,40.259,5.37,0,10,26,19,6,4,3,0,0
28,2,16,4,1,0,3.0,2.9444444444444446,53.153,12.068,2.326,38.759,6.371,0,7,18,32,7,4,3,1,0
33,1,4,2,3,0,3.5,3.1343283582089554,53.136,2.46,2.846,47.83,7.731,0,8,15,21,12,6,4,1,0
35,0,18,6,1,0,2.5,2.6769230769230767,53.091,15.217,3.851,34.023,3.846,0,7,26,20,7,3,2,0,0
34,1,6,0,2,1,3.0,3.0303030303030303,53.062,3.758,2.288,47.016,6.409,0,7,16,25,9,5,3,1,0
31,0,8,8,0,0,3.5,3.1449275362318843,53.061,4.922,4.945,43.194,7.466,0,7,18,19,14,6,4,1,0
35,1,6,0,1,1,3.5,3.2,53.012,3.683,1.508,47.821,7.626,0,7,14,20,13,6,4,1,0
40,1,2,0,2,1,3.5,3.2666666666666666,53.004,1.338,2.315,49.351,8.529,0,7,11,18,13,6,4,1,0
41,3,10,4,1,1,2.5,2.593220338983051,52.998,10.439,4.09,38.469,4.224,0,8,26,14,6,3,2,0,0
31,2,8,6,0,1,3.0,2.898550724637681,52.992,6.077,3.933,42.982,6.452,0,8,20,25,8,4,3,1,0
34,0,10,2,2,0,3.5,3.1818181818181817,52.99,6.489,2.017,44.484,8.101,0,6,15,23,11,6,4,1,0
38,0,8,4,0,1,3.0,3.0161290322580645,52.976,5.441,2.926,44.609,7.448,0,6,16,24,8,4,3,1,0
33,0,10,0,1,1,3.0,3.0597014925373136,52.971,6.647,1.504,44.82,6.611,0,6,16,27,9,5,3,1,0
34,2,8,2,1,1,3.0,2.9393939393939394,52.928,6.073,2.393,44.462,6.673,0,8,17,25,8,4,3,1,0
31,3,8,4,1,1,3.0,2.898550724637681,52.927,6.595,3.203,43.129,6.664,0,8,20,25,8,4,3,1,0
41,3,6,8,2,0,3.0,2.847457627118644,52.914,5.624,7.379,39.911,6.051,0,6,20,20,7,3,2,1,0
34,1,18,0,1,0,3.5,3.1515151515151514,52.895,13.436,0.494,38.965,6.597,0,6,13,26,12,5,3,1,0
30,3,14,6,1,0,3.0,2.8857142857142857,52.893,11.514,3.353,38.026,6.414,0,7,21,28,6,4,3,1,0
40,1,2,2,3,1,2.5,2.7,52.875,1.541,4.528,46.806,5.808,0,10,22,14,7,4,3,0,0
28,0,8,0,2,1,3.5,3.2777777777777777,52.849,4.691,2.202,45.956,8.711,0,6,15,24,14,7,5,1,0
29,3,8,8,1,0,3.0,2.887323943661972,52.843,6.751,5.815,40.277,6.421,0,8,22,24,9,4,3,1,0
36,3,2,0,2,1,3.5,3.21875,52.814,2.302,2.197,48.315,7.891,0,7,13,20,13,6,4,1,0
28,0,14,4,1,0,3.5,3.125,52.796,9.568,2.19,41.038,7.188,0,7,17,25,12,6,4,1,0
34,0,6,8,1,0,3.0,2.9393939393939394,52.793,3.707,5.694,43.392,7.051,0,7,20,22,9,4,3,1,0
41,3,6,6,3,0,3.0,2.8135593220338984,52.78,5.709,5.8,41.271,6.011,0,6,20,22,5,3,2,1,0
32,2,8,4,0,1,3.5,3.1176470588235294,52.719,5.648,2.787,44.284,7.434,0,8,17,19,13,6,4,1,0
36,0,6,6,0,1,3.0,2.9375,52.6,3.664,3.967,44.969,7.21,0,7,19,22,8,4,3,1,0
41,3,12,8,2,0,2.5,2.6440677966101696,52.589,12.164,7.841,32.584,4.158,0,7,25,16,6,3,2,0,0
35,3,14,8,0,0,3.0,2.876923076923077,52.553,11.861,5.407,35.285,5.283,0,6,19,27,7,3,2,1,0
32,0,10,2,2,0,3.5,3.161764705882353,52.481,6.361,1.954,44.166,7.415,0,7,15,23,12,6,4,1,0
30,2,4,6,2,0,3.5,3.0714285714285716,52.414,2.946,4.195,45.273,7.521,0,8,19,20,12,6,4,1,0
40,1,6,0,1,1,3.5,3.2333333333333334,52.406,3.743,1.466,47.197,8.419,0,6,14,17,12,6,4,1,0
41,0,10,10,0,0,3.0,2.9661016949152543,52.384,7.385,7.932,37.067,5.85,0,5,17,22,9,3,2,1,0
29,3,18,4,1,0,2.5,2.7183098591549295,52.354,15.62,2.343,34.391,4.614,0,9,26,22,7,4,3,0,0
34,2,6,10,0,0,3.0,2.984848484848485,52.338,4.52,7.184,40.634,6.577,0,7,19,21,11,4,3,1,0
34,1,4,0,3,1,2.5,2.742424242424242,52.327,2.496,3.312,46.519,5.55,0,10,24,16,8,5,3,0,0
31,0,14,0,1,1,2.5,2.7681159420289854,52.301,10.544,1.5,40.257,4.968,0,9,23,22,8,4,3,0,0
33,3,14,8,0,0,3.0,2.8656716417910446,52.286,11.725,5.161,35.4,5.155,0,7,19,27,8,3,2,1,0
32,1,6,10,0,0,3.0,2.9558823529411766,52.232,3.816,7.378,41.038,6.621,0,8,19,22,11,4,3,1,0
40,2,10,4,3,0,3.0,2.8666666666666667,52.222,8.6,4.131,39.491,5.736,0,6,17,26,5,3,2,1,0
42,2,14,6,3,0,2.5,2.586206896551724,52.214,13.858,6.505,31.851,4.02,0,7,24,19,4,2,2,0,0
33,1,12,0,2,0,3.5,3.1940298507462686,52.187,8.172,1.225,42.79,7.686,0,6,14,25,11,6,4,1,0
41,0,4,2,1,1,3.5,3.23728813559322,52.184,2.216,2.348,47.62,8.448,0,6,14,16,12,6,4,1,0
39,2,2,2,2,1,3.0,2.9836065573770494,52.179,2.044,3.261,46.874,7.045,0,8,14,23,8,4,3,1,0
34,1,8,0,2,1,2.5,2.712121212121212,52.166,5.993,2.448,43.725,5.178,0,10,24,17,8,4,3,0,0
35,2,2,4,3,0,3.0,2.9384615384615387,52.124,1.96,4.186,45.978,6.516,0,8,16,26,7,4,3,1,0
35,3,6,6,2,0,3.0,2.8923076923076922,52.11,5.105,4.384,42.621,6.604,0,7,21,22,7,4,3,1,0
31,3,10,10,0,0,2.5,2.739130434782609,52.075,8.575,7.402,36.098,4.92,0,9,27,16,10,4,3,0,0
32,1,10,6,0,1,2.5,2.661764705882353,52.075,7.601,4.094,40.38,5.394,0,10,27,17,7,4,3,0,0
33,3,16,4,1,0,3.0,2.8507462686567164,52.053,13.39,2.41,36.253,5.306,0,7,18,30,6,3,2,1,0
39,0,4,4,3,0,3.0,2.9508196721311477,52.037,2.264,4.144,45.629,7.233,0,7,17,22,7,4,3,1,0
28,0,8,4,2,0,3.5,3.1527777777777777,51.831,5.004,3.193,43.634,6.664,0,7,18,22,13,7,4,1,0
30,3,10,4,0,1,3.0,2.914285714285714,51.694,7.953,2.7,41.041,6.122,0,8,19,27,8,4,3,1,0
31,1,4,8,2,0,2.5,2.652173913043478,51.62,2.596,6.82,42.204,5.298,0,11,28,14,9,4,3,0,0
38,2,8,0,3,0,3.0,3.0161290322580645,51.492,6.103,2.183,43.206,6.611,0,6,15,26,7,4,3,1,0
29,0,12,0,1,1,3.0,3.056338028169014,51.49,8.086,1.344,42.06,6.039,0,6,16,31,9,5,3,1,0
42,2,6,8,1,0,3.5,3.0689655172413794,51.463,4.826,5.796,40.841,7.2,0,6,18,14,11,5,3,1,0
30,1,4,12,0,0,2.5,2.757142857142857,51.408,2.528,9.953,38.927,4.872,0,11,26,13,12,5,3,0,0
28,0,6,4,1,1,3.5,3.2083333333333335,51.407,3.303,3.159,44.945,8.151,0,7,18,20,14,7,5,1,0
38,2,2,4,3,0,3.0,2.935483870967742,51.402,1.977,4.061,45.364,7.074,0,8,16,23,7,4,3,1,0
28,1,2,2,3,1,3.0,3.0416666666666665,51.352,1.286,4.017,46.049,7.341,0,9,15,28,10,5,4,1,0
33,3,10,6,1,0,3.0,2.8805970149253732,51.347,8.18,3.553,39.614,6.71,0,7,21,25,6,4,3,1,0
42,0,2,4,2,1,2.5,2.7241379310344827,51.334,1.202,4.945,45.187,5.994,0,9,22,13,7,4,3,0,0
34,2,4,4,2,0,3.5,3.106060606060606,51.321,2.891,3.092,45.338,7.488,0,8,17,18,12,6,4,1,0
38,0,16,4,1,0,3.0,2.9193548387096775,51.317,12.263,2.341,36.713,5.42,0,5,16,30,5,3,2,1,0
33,2,2,4,1,1,3.0,2.985074626865672,51.282,1.818,3.294,46.17,6.335,0,8,17,24,9,5,3,1,0
38,1,10,4,2,0,3.0,2.8870967741935485,51.263,7.481,3.287,40.495,5.584,0,7,17,25,6,4,2,1,0
37,2,12,8,1,0,2.5,2.619047619047619,51.257,10.56,6.356,34.341,3.768,0,8,27,16,7,3,2,0,0
28,0,6,4,2,1,2.5,2.7222222222222223,51.24,3.729,4.22,43.291,6.33,0,11,28,16,8,5,4,0,0
34,2,16,0,1,0,3.5,3.106060606060606,51.165,11.81,0.472,38.883,6.203,0,6,14,27,10,5,3,1,0
34,0,6,0,3,0,3.0,3.0454545454545454,51.122,3.439,1.995,45.688,6.511,0,6,16,27,8,5,3,1,0
32,1,2,8,2,0,2.5,2.661764705882353,51.04,1.41,6.868,42.762,5.226,0,11,27,14,9,4,3,0,0
29,3,14,0,3,0,2.5,2.704225352112676,51.011,11.506,2.187,37.318,4.872,0,9,26,23,6,4,3,0,0
36,2,8,0,1,1,3.0,2.984375,50.985,6.087,1.428,43.47,6.566,0,7,16,25,8,4,3,1,0
31,3,4,6,2,0,3.0,2.869565217391304,50.942,3.497,4.304,43.141,6.223,0,8,21,25,7,4,3,1,0
32,0,14,4,0,0,3.5,3.176470588235294,50.78,9.208,1.647,39.925,7.198,0,6,15,25,11,6,4,1,0
36,2,8,0,2,0,3.5,3.1875,50.763,5.549,1.254,43.96,7.656,0,6,15,21,11,6,4,1,0
41,0,6,12,0,0,2.5,2.7288135593220337,50.66,4.158,11.278,35.224,3.732,0,8,24,11,10,4,2,0,0
40,3,8,8,1,0,3.0,2.85,50.584,7.086,5.934,37.564,5.624,0,6,20,21,7,3,2,1,0
30,3,6,10,0,0,3.0,2.9285714285714284,50.57,4.858,7.08,38.632,6.05,0,8,21,22,11,4,3,1,0
32,0,4,2,3,0,3.0,2.985294117647059,50.517,2.122,2.803,45.592,5.989,0,8,16,27,8,5,3,1,0
41,2,10,2,2,0,3.5,3.1016949152542375,50.506,7.721,2.185,40.6,6.807,0,6,14,21,9,5,3,1,0
29,0,2,12,0,0,2.5,2.816901408450704,50.425,1.114,9.684,39.627,4.326,0,10,26,14,12,6,3,0,0
42,0,4,4,3,0,3.0,2.9827586206896552,50.413,2.322,4.163,43.928,7.433,0,6,16,22,6,4,3,1,0
28,3,4,6,1,1,3.0,2.9166666666666665,50.386,3.415,4.325,42.646,5.421,0,8,22,24,9,5,3,1,0
37,1,4,6,2,0,3.0,2.888888888888889,50.38,2.464,4.457,43.459,6.873,0,8,19,21,7,4,3,1,0
32,0,18,6,0,0,2.5,2.7058823529411766,50.339,14.025,3.044,33.27,4.902,0,8,26,21,7,3,3,0,0
34,3,8,8,1,0,2.5,2.6818181818181817,50.313,7.046,5.835,37.432,5.166,0,9,28,14,8,4,3,0,0
28,1,10,2,3,0,2.5,2.6944444444444446,50.284,7.249,2.943,40.092,4.482,0,11,26,20,7,5,3,0,0
31,3,14,6,1,0,2.5,2.652173913043478,50.272,11.676,3.436,35.16,4.914,0,9,28,20,5,4,3,0,0
33,0,6,0,1,1,3.0,3.029850746268657,50.221,3.283,1.47,45.468,5.88,0,7,16,26,9,5,3,1,0
40,2,16,6,0,0,3.5,3.0166666666666666,50.211,12.783,2.942,34.486,7.202,0,6,16,22,8,4,3,1,0
33,3,2,4,2,1,2.5,2.6417910447761193,50.155,2.575,4.299,43.281,5.064,0,11,27,14,8,4,3,0,0
33,1,6,0,3,0,3.0,3.014925373134328,50.086,3.523,2.066,44.497,5.966,0,7,16,27,8,5,3,1,0
29,3,8,10,0,0,2.5,2.6901408450704225,50.078,6.854,7.166,36.058,4.386,0,10,29,15,10,4,3,0,0
37,0,2,2,3,0,3.0,3.0476190476190474,50.052,0.988,2.924,46.14,6.331,0,7,14,25,8,5,3,1,0
37,2,12,0,3,0,2.5,2.761904761904762,50.004,9.915,2.207,37.882,5.226,0,8,22,20,6,4,3,0,0
33,0,6,4,3,0,2.5,2.656716417910448,49.888,3.677,4.037,42.174,5.244,0,10,27,16,7,4,3,0,0
29,2,2,4,3,0,3.0,2.943661971830986,49.886,1.834,3.983,44.069,5.908,0,9,17,28,8,5,3,1,0
36,2,2,4,2,0,3.5,3.140625,49.875,1.892,2.984,44.999,7.554,0,8,15,18,12,6,4,1,0
40,0,6,4,1,1,2.5,2.683333333333333,49.851,3.986,3.698,42.167,5.724,0,9,25,12,7,4,3,0,0
36,1,18,0,2,0,2.5,2.703125,49.809,15.043,1.345,33.421,3.558,0,8,22,22,7,3,2,0,0
33,2,4,6,1,0,3.5,3.074626865671642,49.806,2.85,3.358,43.598,6.979,0,8,19,17,12,6,4,1,0
37,1,16,8,0,0,2.5,2.6825396825396823,49.743,12.838,5.257,31.648,3.612,0,8,23,20,7,3,2,0,0
34,3,8,0,0,1,3.5,3.1818181818181817,49.72,5.857,0.856,43.007,7.243,0,7,15,20,13,6,4,1,0
36,1,14,2,2,0,2.5,2.71875,49.681,10.905,2.262,36.514,5.25,0,9,22,21,5,4,3,0,0
28,2,8,2,2,0,3.5,3.138888888888889,49.661,5.569,1.976,42.116,6.364,0,8,17,22,13,7,4,1,0
32,3,12,0,3,0,2.5,2.7058823529411766,49.66,9.888,2.038,37.734,4.836,0,9,25,21,6,4,3,0,0
31,0,10,2,3,0,2.5,2.6956521739130435,49.626,7.081,2.96,39.585,4.65,0,10,25,20,7,4,3,0,0
36,3,14,4,2,0,2.5,2.59375,49.589,12.734,3.455,33.4,3.624,0,9,25,20,5,3,2,0,0
38,3,4,8,1,0,3.0,2.9193548387096775,49.583,3.606,5.55,40.427,6.773,0,7,20,19,8,4,3,1,0
39,2,12,10,0,0,2.5,2.6721311475409837,49.537,10.257,8.045,31.235,3.678,0,8,24,16,8,3,2,0,0
30,1,2,0,2,1,3.5,3.3285714285714287,49.529,1.173,2.016,46.34,8.702,0,8,13,20,15,7,5,2,0
40,2,8,4,0,1,3.0,2.9,49.402,6.278,2.859,40.265,5.619,0,7,17,22,7,4,2,1,0
40,3,8,2,2,0,3.5,3.05,49.395,6.533,2.093,40.769,6.864,0,7,16,18,10,5,3,1,0
36,2,12,4,1,0,3.0,2.875,49.373,9.103,2.427,37.843,4.989,0,7,18,26,6,4,2,1,0
32,0,10,4,2,0,2.5,2.661764705882353,49.335,6.969,3.202,39.164,4.866,0,9,28,18,6,4,3,0,0
33,3,10,0,1,1,2.5,2.6865671641791047,49.322,8.671,1.496,39.155,4.848,0,9,27,17,7,4,3,0,0
39,3,2,0,1,1,3.5,3.2295081967213113,49.287,2.337,1.374,45.576,7.801,0,7,13,17,13,6,4,1,0
39,3,2,10,0,0,3.0,3.0,49.265,2.446,7.297,39.522,6.512,0,7,17,19,10,4,3,1,0
41,3,8,6,3,0,2.5,2.559322033898305,49.26,7.895,6.111,35.254,3.72,0,8,27,14,5,3,2,0,0
28,1,8,6,0,1,2.5,2.6666666666666665,49.18,5.512,3.996,39.672,4.53,0,11,29,16,8,5,3,0,0
32,0,18,2,0,0,3.0,3.0588235294117645,49.152,12.318,0.715,36.119,5.938,0,6,14,31,9,4,3,1,0
28,3,8,10,0,0,2.5,2.6805555555555554,49.098,6.608,7.103,35.387,4.62,0,10,30,15,10,4,3,0,0
40,2,8,2,1,1,2.5,2.716666666666667,49.035,6.496,2.391,40.148,5.358,0,9,23,14,7,4,3,0,0
42,3,10,10,0,0,3.0,2.8448275862068964,49.034,8.948,7.728,32.358,3.51,0,6,18,20,9,3,2,0,0
41,2,2,0,2,1,3.0,3.0338983050847457,49.025,1.851,2.153,45.021,6.806,0,7,13,23,8,4,3,1,0
29,3,4,0,2,1,3.0,3.0140845070422535,48.981,3.26,2.268,43.453,6.686,0,8,18,26,9,5,4,1,0
42,0,14,4,1,0,3.5,3.0689655172413794,48.927,10.366,2.412,36.149,6.505,0,5,15,22,8,4,3,1,0
32,2,8,2,0,1,3.0,2.985294117647059,48.907,5.566,1.64,41.701,5.607,0,8,17,25,9,5,3,1,0
38,2,12,6,0,0,3.5,3.0483870967741935,48.907,8.773,2.755,37.379,6.576,0,6,17,21,9,5,3,1,0
40,1,10,4,1,0,3.5,3.0833333333333335,48.859,6.838,2.392,39.629,6.865,0,6,15,21,9,5,3,1,0
33,2,2,8,0,0,3.5,3.1492537313432836,48.839,1.747,4.87,42.222,6.882,0,8,16,18,14,6,4,1,0
34,1,14,0,2,0,2.5,2.742424242424242,48.772,10.822,1.368,36.582,4.65,0,9,22,22,6,4,3,0,0
29,2,2,4,2,0,3.5,3.1971830985915495,48.771,1.83,2.96,43.981,7.416,0,8,16,21,13,7,5,1,0
34,1,8,0,0,1,3.5,3.212121212121212,48.72,4.878,0.864,42.978,6.791,0,7,13,22,13,6,4,1,0
42,3,12,4,0,1,2.5,2.6379310344827585,48.703,11.57,3.082,34.051,3.726,0,8,23,16,6,3,2,0,0
32,1,14,4,1,0,2.5,2.676470588235294,48.695,10.423,2.392,35.88,4.986,0,10,25,20,6,4,3,0,0
30,3,8,2,1,1,2.5,2.642857142857143,48.639,6.586,2.174,39.879,4.608,0,11,28,16,8,4,3,0,0
35,0,16,2,0,0,3.5,3.123076923076923,48.616,10.494,0.747,37.375,6.115,0,6,13,27,10,5,3,1,0
33,2,14,8,0,0,2.5,2.611940298507463,48.61,11.113,5.118,32.379,3.414,0,9,27,19,7,3,2,0,0
33,0,2,4,1,1,2.5,2.746268656716418,48.543,1.042,3.407,44.094,6.432,0,11,25,14,8,5,4,0,0
39,1,10,6,1,0,3.0,2.8360655737704916,48.493,7.209,3.544,37.74,5.301,0,7,18,24,6,3,2,1,0
28,2,6,8,0,0,3.5,3.0972222222222223,48.486,4.218,4.569,39.699,6.295,0,8,19,20,14,6,4,1,0
31,2,14,2,0,0,3.5,3.1449275362318843,48.43,9.481,0.732,38.217,6.499,0,7,15,25,11,6,4,1,0
42,1,10,0,3,0,3.0,2.9655172413793105,48.372,7.307,1.992,39.073,5.303,0,6,14,25,6,4,2,1,0
40,1,10,8,0,0,3.0,2.9,48.364,7.206,5.335,35.823,5.333,0,6,17,24,7,3,2,1,0
34,1,12,2,2,0,2.5,2.696969696969697,48.305,9.13,2.132,37.043,4.608,0,10,23,20,6,4,3,0,0
29,2,6,0,2,1,2.5,2.732394366197183,48.302,4.101,2.28,41.921,5.826,0,11,27,16,8,5,4,0,0
37,1,2,2,0,1,3.5,3.2063492063492065,48.269,1.177,1.7,45.392,7.121,0,8,12,19,13,6,4,1,0
35,2,16,4,0,0,3.0,2.876923076923077,48.227,11.821,1.69,34.716,4.883,0,7,16,30,6,3,2,1,0
39,3,12,8,0,0,3.0,2.819672131147541,48.193,10.118,5.006,33.069,3.306,0,6,18,25,7,3,2,0,0
37,2,4,4,0,1,3.0,2.9365079365079363,48.142,2.97,2.775,42.397,6.276,0,8,17,22,8,4,3,1,0
41,1,10,0,2,0,3.5,3.135593220338983,48.142,6.856,1.161,40.125,6.485,0,6,13,21,10,5,3,1,0
39,2,4,4,0,1,3.0,2.9344262295081966,48.056,2.862,2.765,42.429,6.68,0,8,17,20,8,4,3,1,0
40,1,6,0,0,1,3.5,3.25,47.928,3.506,0.796,43.626,7.564,0,6,13,18,12,6,4,1,0
39,1,6,6,0,1,2.5,2.6557377049180326,47.896,4.309,4.043,39.544,5.31,0,10,25,12,7,4,3,0,0
35,3,8,0,2,0,3.0,2.953846153846154,47.83,5.974,1.279,40.577,6.27,0,7,17,26,7,4,3,1,0
34,1,14,0,2,0,2.5,2.742424242424242,47.792,10.388,1.251,36.153,4.728,0,9,22,22,6,4,3,0,0
30,1,4,0,2,1,2.5,2.7714285714285714,47.762,2.331,2.302,43.129,5.796,0,11,25,16,9,5,4,0,0
34,1,4,6,1,0,3.0,2.893939393939394,47.712,2.371,3.34,42.001,5.887,0,8,19,24,7,4,3,1,0
33,1,16,2,1,0,2.5,2.716417910447761,47.709,11.614,1.282,34.813,4.842,0,10,22,22,6,4,3,0,0
30,0,14,4,0,0,3.0,2.9571428571428573,47.618,9.017,1.686,36.915,5.524,0,7,17,31,7,4,3,1,0
42,3,4,4,2,0,3.5,3.0344827586206895,47.591,3.722,3.18,40.689,6.573,0,7,17,15,10,5,3,1,0
31,0,8,0,1,0,3.5,3.2753623188405796,47.589,4.611,0.452,42.526,7.015,0,6,15,22,13,7,5,1,0
41,0,4,0,2,1,2.5,2.7288135593220337,47.563,2.32,2.399,42.844,5.484,0,8,24,13,7,4,3,0,0
28,0,10,2,2,0,2.5,2.75,47.502,6.396,2.098,39.008,5.652,0,11,25,20,7,5,4,0,0
40,3,14,0,1,0,3.5,3.1333333333333333,47.393,10.736,0.46,36.197,5.911,0,5,14,23,9,5,3,1,0
31,2,4,6,1,0,3.0,2.9130434782608696,47.343,2.757,3.321,41.265,5.331,0,8,21,23,8,5,3,1,0
29,2,6,6,0,1,2.5,2.647887323943662,47.269,4.261,3.713,39.295,4.284,0,11,30,14,8,5,3,0,0
40,1,2,2,2,0,3.5,3.2,47.192,1.248,1.882,44.062,7.564,0,8,12,17,12,6,4,1,0
42,2,4,10,1,0,2.5,2.6206896551724137,47.188,3.443,8.843,34.902,3.81,0,9,25,10,9,3,2,0,0
33,0,8,0,1,0,3.5,3.2388059701492535,47.037,4.303,0.446,42.288,6.393,0,6,15,21,13,7,4,1,0
31,0,8,2,0,1,2.5,2.7681159420289854,47.028,5.06,1.616,40.352,5.562,0,11,24,17,8,5,4,0,0
41,3,4,10,1,0,2.5,2.610169491525424,47.006,3.949,8.685,34.372,3.876,0,9,26,10,9,3,2,0,0
37,0,6,6,0,0,3.5,3.142857142857143,46.982,3.084,2.696,41.202,7.093,0,6,18,17,11,6,4,1,0
30,3,4,6,1,0,3.0,2.9,46.929,3.449,3.283,40.197,4.91,0,8,22,23,8,5,3,1,0
28,2,6,6,2,0,2.5,2.625,46.817,4.254,4.116,38.447,4.368,0,11,31,15,7,5,3,0,0
28,2,12,0,0,1,3.0,3.0277777777777777,46.811,8.232,0.832,37.747,4.872,0,7,16,31,9,5,3,1,0
40,3,2,2,0,1,3.5,3.216666666666667,46.754,2.231,1.641,42.882,7.404,0,7,13,17,12,6,4,1,0
41,3,18,4,1,0,2.5,2.6440677966101696,46.723,16.733,2.586,27.404,3.69,0,7,23,19,6,2,2,0,0
40,1,6,6,2,0,2.5,2.6333333333333333,46.711,4.194,4.537,37.98,5.292,0,9,26,13,5,4,3,0,0
41,0,18,2,1,0,2.5,2.7457627118644066,46.695,14.547,1.497,30.651,3.39,0,7,20,20,7,3,2,0,0
33,2,12,0,1,0,3.0,2.970149253731343,46.626,8.188,0.47,37.968,5.737,0,7,16,29,7,4,3,1,0
31,2,2,0,2,0,3.5,3.260869565217391,46.623,1.7,1.143,43.78,6.732,0,8,13,21,14,7,5,1,0
40,1,16,2,0,0,3.5,3.1333333333333333,46.564,10.989,0.707,34.868,5.726,0,6,12,24,9,5,3,1,0
38,0,6,0,1,1,2.5,2.725806451612903,46.54,3.59,1.468,41.482,4.944,0,9,24,14,8,4,3,0,0
39,1,4,10,0,0,2.5,2.7540983606557377,46.538,2.524,7.474,36.54,5.046,0,9,24,11,10,4,3,0,0
30,0,12,4,0,0,3.0,2.9571428571428573,46.522,7.594,1.761,37.167,5.307,0,7,17,31,7,4,3,1,0
35,2,4,0,2,0,3.0,3.0153846153846153,46.373,2.614,1.185,42.574,5.821,0,7,16,25,8,5,3,1,0
31,1,6,4,1,0,3.0,2.9420289855072466,46.309,3.627,2.209,40.473,5.115,0,8,19,25,8,5,3,1,0
29,2,8,6,1,0,2.5,2.6056338028169015,46.208,5.973,3.344,36.891,4.35,0,11,30,16,7,4,3,0,0
33,0,4,0,2,0,3.0,3.0597014925373136,46.2,2.036,1.226,42.938,6.265,0,7,16,26,8,5,4,1,0
30,0,8,0,0,1,3.0,3.0714285714285716,46.056,4.295,0.852,40.909,6.153,0,7,16,28,9,5,4,1,0
30,1,8,4,0,0,3.5,3.1,46.042,4.74,1.679,39.623,5.912,0,8,17,22,12,6,4,1,0
32,2,4,2,0,1,3.0,2.9705882352941178,46.039,2.634,1.676,41.729,5.125,0,9,16,25,9,5,3,1,0
38,2,10,2,1,0,3.0,2.9516129032258065,45.877,7.292,1.222,37.363,6.196,0,7,16,25,6,4,3,1,0
40,3,8,2,2,0,3.0,2.8833333333333333,45.725,6.349,1.975,37.401,4.781,0,7,17,23,6,4,2,1,0
40,1,4,2,1,1,2.5,2.6666666666666665,45.65,2.604,2.338,40.708,5.16,0,10,24,12,7,4,3,0,0
33,2,2,2,1,1,2.5,2.7313432835820897,45.607,1.809,2.16,41.638,5.466,0,12,24,14,8,5,4,0,0
41,3,2,0,2,1,2.5,2.711864406779661,45.574,2.593,2.272,40.709,5.136,0,9,23,13,7,4,3,0,0
32,3,18,2,0,0,2.5,2.75,45.573,13.938,0.702,30.933,4.668,0,9,23,22,7,4,3,0,0
29,3,4,4,2,0,2.5,2.676056338028169,45.567,3.355,3.002,39.21,5.46,0,12,28,15,7,5,4,0,0
39,1,2,6,1,0,3.0,2.918032786885246,45.532,1.289,3.251,40.992,5.862,0,8,17,21,7,4,3,1,0
29,3,14,0,0,0,3.5,3.1549295774647885,45.499,9.247,0.0,36.252,5.716,0,7,15,26,12,6,4,1,0
29,3,10,0,2,0,2.5,2.704225352112676,45.396,7.742,1.204,36.45,3.786,0,10,27,19,7,5,3,0,0
42,3,2,0,2,0,3.5,3.2413793103448274,45.305,2.151,1.162,41.992,7.474,0,6,13,17,11,6,4,1,0
31,0,12,2,1,0,2.5,2.6956521739130435,45.288,7.765,1.266,36.257,4.308,0,10,25,20,7,4,3,0,0
40,2,2,6,0,1,2.5,2.6666666666666665,45.252,2.083,4.081,39.088,4.866,0,10,24,12,7,4,3,0,0
31,2,14,2,0,0,3.0,2.9420289855072466,45.249,9.346,0.744,35.159,5.192,0,8,16,30,7,4,3,1,0
30,2,12,6,0,0,2.5,2.642857142857143,45.239,8.685,2.743,33.811,4.236,0,10,28,19,6,4,3,0,0
39,0,2,8,1,0,2.5,2.7049180327868854,45.218,1.132,5.776,38.31,4.728,0,9,25,12,8,4,3,0,0
33,3,14,6,0,0,2.5,2.611940298507463,45.095,10.999,2.761,31.335,4.53,0,9,28,19,5,3,3,0,0
42,3,16,2,0,0,3.5,3.0689655172413794,44.887,12.234,0.754,31.899,6.417,0,6,13,23,8,4,3,1,0
42,3,10,6,0,0,3.5,2.9827586206896552,44.763,7.997,2.776,33.99,6.442,0,6,18,18,8,4,3,1,0
41,1,14,2,0,0,3.5,3.135593220338983,44.646,9.159,0.707,34.78,6.127,0,6,12,23,9,5,3,1,0
30,2,14,0,1,0,2.5,2.7142857142857144,44.586,9.988,0.408,34.19,4.2,0,10,24,22,7,4,3,0,0
41,2,6,0,3,0,2.5,2.694915254237288,44.577,4.436,2.127,38.014,4.836,0,9,23,14,6,4,3,0,0
38,3,2,6,2,0,2.5,2.629032258064516,44.549,2.577,4.275,37.697,4.824,0,10,26,13,6,4,3,0,0
42,3,4,4,3,0,2.5,2.586206896551724,44.496,4.055,4.352,36.089,5.196,0,9,26,12,5,3,3,0,0
34,2,14,0,1,0,2.5,2.727272727272727,44.411,10.01,0.488,33.913,4.542,0,9,23,21,6,4,3,0,0
39,2,12,2,0,0,3.5,3.081967213114754,44.283,8.099,0.685,35.499,5.799,0,7,14,21,10,5,3,1,0
39,3,10,2,2,0,2.5,2.622950819672131,44.264,8.476,2.173,33.615,4.704,0,9,25,16,5,3,3,0,0
37,0,6,2,0,1,2.5,2.6984126984126986,44.258,3.379,1.656,39.223,4.428,0,10,24,14,8,4,3,0,0
28,2,2,0,2,0,3.5,3.3194444444444446,44.235,1.663,1.062,41.51,6.449,0,8,14,21,14,8,5,2,0
41,2,18,2,0,0,3.0,2.8983050847457625,44.188,14.055,0.763,29.37,2.976,0,6,13,28,7,3,2,0,0
41,1,4,10,0,0,2.5,2.6779661016949152,44.073,2.521,7.386,34.166,5.154,0,9,25,10,9,3,3,0,0
33,3,14,0,0,0,3.0,2.970149253731343,44.012,9.613,0.0,34.399,5.409,0,7,16,29,7,4,3,1,0
39,1,14,0,0,0,3.5,3.1475409836065573,44.008,8.824,0.0,35.184,5.549,0,6,12,24,10,5,3,1,0
35,0,14,0,0,0,3.0,3.0307692307692307,43.912,8.719,0.0,35.193,5.422,0,6,14,30,7,4,3,1,0
38,3,2,2,0,1,3.0,2.9838709677419355,43.909,2.226,1.54,40.143,5.603,0,8,14,24,8,4,3,1,0
29,1,8,0,1,0,3.0,3.0140845070422535,43.791,4.583,0.406,38.802,5.032,0,8,17,28,8,5,4,1,0
28,2,6,2,2,0,2.5,2.6805555555555554,43.764,4.181,1.981,37.602,4.62,0,12,28,16,7,5,4,0,0
37,0,4,6,0,0,3.0,2.9365079365079363,43.628,1.976,2.743,38.909,6.097,0,7,18,23,7,4,3,1,0
28,1,10,0,0,0,3.5,3.25,43.551,5.747,0.0,37.804,5.728,0,7,14,25,13,7,5,1,0
41,2,4,4,0,1,2.5,2.6610169491525424,43.321,3.036,2.825,37.46,4.908,0,10,24,11,7,4,3,0,0
37,3,18,2,0,0,2.5,2.6825396825396823,43.265,14.442,0.807,28.016,2.994,0,8,23,20,7,3,2,0,0
38,3,6,2,2,0,2.5,2.6451612903225805,43.195,4.801,2.061,36.333,4.59,0,10,25,14,6,4,3,0,0
36,2,12,6,0,0,2.5,2.609375,43.142,8.83,2.95,31.362,4.446,0,9,27,17,5,3,3,0,0
42,1,2,2,1,1,2.5,2.689655172413793,43.133,1.424,2.258,39.451,4.818,0,10,22,12,7,4,3,0,0
29,2,4,6,0,0,3.0,2.9014084507042255,42.94,2.684,2.594,37.662,4.151,0,9,20,25,8,5,3,1,0
41,0,16,2,1,0,2.5,2.6779661016949152,42.924,11.524,1.322,30.078,3.438,0,7,22,20,5,3,2,0,0
30,0,2,6,0,0,3.0,3.0142857142857142,42.842,0.96,2.61,39.272,5.042,0,8,18,25,9,5,4,1,0
32,2,6,4,1,0,2.5,2.6029411764705883,42.814,4.283,2.284,36.247,3.966,0,11,29,14,7,4,3,0,0
28,1,8,0,0,1,2.5,2.7777777777777777,42.802,4.873,0.872,37.057,4.506,0,11,25,18,9,5,4,0,0
37,2,10,2,0,0,3.0,2.984126984126984,42.736,6.518,0.697,35.521,5.245,0,7,15,26,7,4,3,1,0
32,0,2,2,0,1,2.5,2.7794117647058822,42.633,1.022,1.629,39.982,4.902,0,11,24,15,9,5,4,0,0
41,2,2,4,0,1,2.5,2.6779661016949152,42.578,1.856,2.778,37.944,4.62,0,10,23,12,7,4,3,0,0
28,1,10,2,0,0,3.0,2.9583333333333335,42.484,5.789,0.707,35.988,4.061,0,9,16,30,8,5,3,1,0
30,2,8,2,1,0,2.5,2.6714285714285713,42.478,5.126,1.242,36.11,3.78,0,11,27,17,7,5,3,0,0
33,0,2,0,1,0,3.0,3.1044776119402986,42.441,0.902,0.428,41.111,5.362,0,7,14,27,9,5,4,1,0
33,3,2,6,1,0,2.5,2.5970149253731343,42.252,2.249,3.15,36.853,4.032,0,11,29,13,7,4,3,0,0
34,1,10,0,0,0,3.0,3.0303030303030303,42.121,5.948,0.0,36.173,4.952,0,7,15,27,8,5,3,1,0
38,0,16,2,0,0,2.5,2.7096774193548385,42.066,10.931,0.731,30.404,4.614,0,8,22,21,5,3,3,0,0
28,3,2,6,0,0,3.0,2.9444444444444446,41.959,2.072,2.604,37.283,4.481,0,9,20,25,8,5,4,1,0
41,0,4,8,0,0,2.5,2.711864406779661,41.943,2.078,5.0,34.865,4.626,0,9,24,11,8,4,3,0,0
34,3,4,0,0,1,2.5,2.757575757575758,41.837,3.148,0.832,37.857,5.292,0,11,24,14,8,5,4,0,0
39,3,4,6,1,0,2.5,2.6065573770491803,41.77,3.413,3.314,35.043,4.74,0,10,27,11,6,4,3,0,0
40,3,6,2,0,0,3.5,3.1333333333333333,41.679,3.987,0.681,37.011,6.662,0,7,15,17,11,5,4,1,0
40,3,14,2,1,0,2.5,2.6166666666666667,41.581,10.973,1.307,29.301,3.228,0,8,24,18,5,3,2,0,0
36,3,16,0,0,0,2.5,2.75,41.307,11.15,0.0,30.157,4.392,0,8,22,22,5,4,3,0,0
35,1,8,0,0,0,3.0,3.0307692307692307,41.294,4.715,0.0,36.579,4.763,0,7,15,26,8,5,3,1,0
31,1,14,0,0,0,2.5,2.7246376811594204,41.257,9.003,0.0,32.254,3.756,0,10,23,22,7,4,3,0,0
38,3,8,2,0,0,3.0,2.967741935483871,41.252,5.452,0.658,35.142,5.505,0,7,16,24,7,4,3,1,0
39,1,10,4,0,0,2.5,2.7049180327868854,40.815,6.499,1.745,32.571,4.632,0,9,23,16,6,4,3,0,0
37,3,8,2,0,0,3.0,2.9206349206349205,40.671,5.57,0.694,34.407,5.186,0,8,17,23,7,4,3,1,0
28,1,14,0,0,0,2.5,2.75,40.65,8.556,0.0,32.094,3.372,0,10,24,23,7,5,3,0,0
28,1,6,2,0,0,3.0,3.0,40.646,3.151,0.656,36.839,4.221,0,9,17,27,9,5,4,1,0
42,3,6,6,0,0,3.0,2.810344827586207,40.57,4.386,2.721,33.463,4.88,0,7,19,20,6,3,2,1,0
36,3,8,0,0,0,3.0,2.96875,40.447,5.375,0.0,35.072,4.944,0,7,16,26,7,4,3,1,0
42,2,14,6,0,0,2.5,2.586206896551724,40.411,10.682,2.919,26.81,3.24,0,8,24,17,4,3,2,0,0
40,1,10,0,1,0,2.5,2.716666666666667,40.368,6.386,0.456,33.526,4.674,0,9,22,16,6,4,3,0,0
30,0,2,6,0,0,2.5,2.7285714285714286,40.301,0.936,2.501,36.864,4.362,0,11,27,15,8,5,4,0,0
42,3,18,0,0,0,2.5,2.7241379310344827,40.015,14.046,0.0,25.969,2.928,0,7,20,20,6,3,2,0,0
38,0,8,0,1,0,2.5,2.725806451612903,39.983,4.604,0.406,34.973,4.158,0,9,23,16,7,4,3,0,0
36,1,8,4,0,0,2.5,2.640625,39.914,4.918,1.708,33.288,4.044,0,10,26,15,6,4,3,0,0
41,3,2,6,1,0,2.5,2.6271186440677967,39.908,2.383,3.328,34.197,4.572,0,10,25,11,6,4,3,0,0
40,1,2,4,0,0,3.0,2.966666666666667,39.826,1.181,1.669,36.976,5.406,0,8,14,23,7,4,3,1,0
28,3,2,6,0,0,2.5,2.6944444444444446,39.618,2.103,2.644,34.871,3.894,0,12,28,15,8,5,4,0,0
41,3,2,0,1,0,3.0,3.0,39.592,2.055,0.41,37.127,5.585,0,7,14,23,7,4,3,1,0
40,1,10,6,0,0,2.5,2.55,39.59,6.78,2.933,29.877,3.102,0,9,26,15,5,3,2,0,0
37,2,2,2,0,0,3.0,3.015873015873016,39.471,1.577,0.693,37.201,4.487,0,8,14,24,8,5,3,1,0
28,3,2,6,0,0,2.5,2.6944444444444446,39.174,2.118,2.484,34.572,3.408,0,12,28,15,8,5,4,0,0
37,1,10,2,0,0,2.5,2.6825396825396823,38.791,5.954,0.65,32.187,4.014,0,10,23,17,6,4,3,0,0
33,2,8,2,0,0,2.5,2.6417910447761193,38.313,5.079,0.651,32.583,3.678,0,11,26,16,7,4,3,0,0
42,1,4,4,1,0,2.5,2.6379310344827585,38.295,2.259,2.171,33.865,4.44,0,10,24,11,6,4,3,0,0
38,1,2,0,1,0,2.5,2.774193548387097,38.199,1.15,0.426,36.623,5.124,0,11,21,14,7,5,4,0,0
30,2,2,0,0,0,3.0,3.057142857142857,38.059,1.539,0.0,36.52,3.858,0,9,15,26,9,6,4,1,0
40,0,12,0,0,0,2.5,2.7666666666666666,38.035,7.219,0.0,30.816,3.948,0,8,21,18,6,4,3,0,0
39,3,4,0,1,0,2.5,2.6721311475409837,37.889,3.062,0.488,34.339,4.2,0,10,24,13,7,4,3,0,0
30,0,4,2,0,0,2.5,2.7142857142857144,37.797,1.806,0.686,35.305,3.924,0,12,26,15,8,5,4,0,0
38,0,2,4,0,0,2.5,2.7096774193548385,37.166,0.92,1.511,34.735,3.798,0,10,24,13,7,5,3,0,0
41,0,4,0,1,0,2.5,2.711864406779661,36.677,1.878,0.408,34.391,4.2,0,9,23,13,7,4,3,0,0
28,3,4,0,0,0,2.5,2.7083333333333335,35.907,2.796,0.0,33.111,3.3,0,12,27,16,8,5,4,0,0
40,2,6,2,0,0,2.5,2.65,35.801,3.778,0.649,31.374,4.158,0,10,24,13,6,4,3,0,0
40,2,6,2,0,0,2.5,2.65,35.368,3.642,0.712,31.014,3.876,0,10,24,13,6,4,3,0,0
